HL,IN_4_0:IN_4_3-x,01-01-1970 01:27:53.000,01-01-1970 01:28:53.000
HL,IN_4_0:IN_4_3-x,01-01-1970 03:10:53.000,01-01-1970 03:11:53.000
HL,IN_4_0:IN_4_3-x,01-01-1970 03:21:53.000,01-01-1970 03:22:53.000
HL,IN_4_0:IN_4_3-x,01-01-1970 04:29:53.000,01-01-1970 04:30:53.000
HL,IN_4_3-x:IN_5_3-x,01-01-1970 01:12:20.600,01-01-1970 01:13:20.600
HL,IN_4_3-x:IN_5_3-x,01-01-1970 01:18:20.600,01-01-1970 01:19:20.600
HL,IN_4_3-x:IN_5_3-x,01-01-1970 01:27:20.600,01-01-1970 01:28:20.600
HL,IN_4_3-x:IN_5_3-x,01-01-1970 03:10:20.600,01-01-1970 03:11:20.600
HL,IN_4_3-x:IN_5_3-x,01-01-1970 03:16:20.600,01-01-1970 03:17:20.600
HL,IN_4_3-x:IN_5_3-x,01-01-1970 04:34:20.600,01-01-1970 04:35:20.600
HL,IN_4_3-x:IN_5_3-x,01-01-1970 05:01:20.600,01-01-1970 05:02:20.600
HL,IN_4_3-x:IN_5_3-x,01-01-1970 05:30:20.600,01-01-1970 05:31:20.600
HL,IN_4_3-x:IN_5_3-x,01-01-1970 10:12:20.600,01-01-1970 10:13:20.600
HL,IN_4_3-x:IN_5_3-x,01-01-1970 10:27:20.600,01-01-1970 10:28:20.600
HL,IN_5_3-x:IN_6_3-x,01-01-1970 00:45:16.800,01-01-1970 00:46:16.800
HL,IN_5_3-x:IN_6_3-x,01-01-1970 01:13:16.800,01-01-1970 01:14:16.800
HL,IN_5_3-x:IN_6_3-x,01-01-1970 01:19:16.800,01-01-1970 01:20:16.800
HL,IN_5_3-x:IN_6_3-x,01-01-1970 01:28:16.800,01-01-1970 01:29:16.800
HL,IN_5_3-x:IN_6_3-x,01-01-1970 03:10:16.800,01-01-1970 03:12:16.800
HL,IN_5_3-x:IN_6_3-x,01-01-1970 03:17:16.800,01-01-1970 03:18:16.800
HL,IN_5_3-x:IN_6_3-x,01-01-1970 04:09:16.800,01-01-1970 04:10:16.800
HL,IN_5_3-x:IN_6_3-x,01-01-1970 04:35:16.800,01-01-1970 04:36:16.800
HL,IN_5_3-x:IN_6_3-x,01-01-1970 04:45:16.800,01-01-1970 04:46:16.800
HL,IN_5_3-x:IN_6_3-x,01-01-1970 05:31:16.800,01-01-1970 05:32:16.800
HL,IN_5_3-x:IN_6_3-x,01-01-1970 10:13:16.800,01-01-1970 10:14:16.800
HL,IN_5_3-x:IN_6_3-x,01-01-1970 10:28:16.800,01-01-1970 10:29:16.800
HL,IN_6_3-x:IN_7_3-y,01-01-1970 00:45:24.300,01-01-1970 00:46:24.300
HL,IN_6_3-x:IN_7_3-y,01-01-1970 01:13:24.300,01-01-1970 01:14:24.300
HL,IN_6_3-x:IN_7_3-y,01-01-1970 01:19:24.300,01-01-1970 01:20:24.300
HL,IN_6_3-x:IN_7_3-y,01-01-1970 01:28:24.300,01-01-1970 01:29:24.300
HL,IN_6_3-x:IN_7_3-y,01-01-1970 03:10:24.300,01-01-1970 03:12:24.300
HL,IN_6_3-x:IN_7_3-y,01-01-1970 03:17:24.300,01-01-1970 03:18:24.300
HL,IN_6_3-x:IN_7_3-y,01-01-1970 04:22:24.300,01-01-1970 04:23:24.300
HL,IN_6_3-x:IN_7_3-y,01-01-1970 04:35:24.300,01-01-1970 04:36:24.300
HL,IN_6_3-x:IN_7_3-y,01-01-1970 04:45:24.300,01-01-1970 04:46:24.300
HL,IN_6_3-x:IN_7_3-y,01-01-1970 05:18:24.300,01-01-1970 05:19:24.300
HL,IN_6_3-x:IN_7_3-y,01-01-1970 05:31:24.300,01-01-1970 05:32:24.300
HL,IN_6_3-x:IN_7_3-y,01-01-1970 10:13:24.300,01-01-1970 10:14:24.300
HL,IN_6_3-x:IN_7_3-y,01-01-1970 10:28:24.300,01-01-1970 10:29:24.300
HL,IN_7_3-y:y-S1_0,01-01-1970 01:13:35.900,01-01-1970 01:14:35.900
HL,IN_7_3-y:y-S1_0,01-01-1970 01:19:35.900,01-01-1970 01:20:35.900
HL,IN_7_3-y:y-S1_0,01-01-1970 01:28:35.900,01-01-1970 01:29:35.900
HL,IN_7_3-y:y-S1_0,01-01-1970 03:10:35.900,01-01-1970 03:12:35.900
HL,IN_7_3-y:y-S1_0,01-01-1970 03:17:35.900,01-01-1970 03:18:35.900
HL,IN_7_3-y:y-S1_0,01-01-1970 04:22:35.900,01-01-1970 04:23:35.900
HL,IN_7_3-y:y-S1_0,01-01-1970 04:35:35.900,01-01-1970 04:36:35.900
HL,IN_7_3-y:y-S1_0,01-01-1970 04:45:35.900,01-01-1970 04:46:35.900
HL,IN_7_3-y:y-S1_0,01-01-1970 05:31:35.900,01-01-1970 05:32:35.900
HL,IN_7_3-y:y-S1_0,01-01-1970 10:12:35.900,01-01-1970 10:14:35.900
HL,IN_7_3-y:y-S1_0,01-01-1970 10:31:35.900,01-01-1970 10:32:35.900
HL,y-S1_0:z-x,01-01-1970 00:24:28.800,01-01-1970 00:25:28.800
HL,y-S1_0:z-x,01-01-1970 01:08:28.800,01-01-1970 01:09:28.800
HL,y-S1_0:z-x,01-01-1970 01:20:28.800,01-01-1970 01:21:28.800
HL,y-S1_0:z-x,01-01-1970 01:39:28.800,01-01-1970 01:40:28.800
HL,y-S1_0:z-x,01-01-1970 02:41:28.800,01-01-1970 02:42:28.800
HL,y-S1_0:z-x,01-01-1970 03:00:28.800,01-01-1970 03:01:28.800
HL,y-S1_0:z-x,01-01-1970 03:44:28.800,01-01-1970 03:45:28.800
HL,y-S1_0:z-x,01-01-1970 06:21:28.800,01-01-1970 06:22:28.800
HL,y-S1_0:z-x,01-01-1970 08:18:28.800,01-01-1970 08:19:28.800
HL,y-S1_0:z-x,01-01-1970 08:40:28.800,01-01-1970 08:41:28.800
HL,y-S1_0:z-x,01-01-1970 10:32:28.800,01-01-1970 10:33:28.800
HL,y-S1_0:z-x,01-01-1970 12:14:28.800,01-01-1970 12:15:28.800
HL,z-x:IN_1_3-x,01-01-1970 00:45:07.200,01-01-1970 00:46:07.200
HL,z-x:IN_1_3-x,01-01-1970 01:23:07.200,01-01-1970 01:24:07.200
HL,z-x:IN_1_3-x,01-01-1970 03:19:07.200,01-01-1970 03:20:07.200
HL,z-x:IN_1_3-x,01-01-1970 03:46:07.200,01-01-1970 03:47:07.200
HL,z-x:IN_1_3-x,01-01-1970 04:38:07.200,01-01-1970 04:39:07.200
HL,z-x:IN_1_3-x,01-01-1970 04:49:07.200,01-01-1970 04:50:07.200
HL,z-x:IN_1_3-x,01-01-1970 05:18:07.200,01-01-1970 05:19:07.200
HL,z-x:IN_1_3-x,01-01-1970 05:34:07.200,01-01-1970 05:35:07.200
HL,z-x:IN_1_3-x,01-01-1970 06:54:07.200,01-01-1970 06:55:07.200
HL,z-x:IN_1_3-x,01-01-1970 08:17:07.200,01-01-1970 08:18:07.200
HL,z-x:IN_1_3-x,01-01-1970 10:16:07.200,01-01-1970 10:17:07.200
HL,z-x:IN_1_3-x,01-01-1970 10:47:07.200,01-01-1970 10:48:07.200
HL,z-x:IN_1_3-x,01-01-1970 12:16:07.200,01-01-1970 12:17:07.200
HL,IN_1_3-x:IN_2_3-x,01-01-1970 00:45:16.000,01-01-1970 00:46:16.000
HL,IN_1_3-x:IN_2_3-x,01-01-1970 01:12:16.000,01-01-1970 01:13:16.000
HL,IN_1_3-x:IN_2_3-x,01-01-1970 01:18:16.000,01-01-1970 01:19:16.000
HL,IN_1_3-x:IN_2_3-x,01-01-1970 01:23:16.000,01-01-1970 01:24:16.000
HL,IN_1_3-x:IN_2_3-x,01-01-1970 03:46:16.000,01-01-1970 03:47:16.000
HL,IN_1_3-x:IN_2_3-x,01-01-1970 04:38:16.000,01-01-1970 04:39:16.000
HL,IN_1_3-x:IN_2_3-x,01-01-1970 04:49:16.000,01-01-1970 04:50:16.000
HL,IN_1_3-x:IN_2_3-x,01-01-1970 05:18:16.000,01-01-1970 05:19:16.000
HL,IN_1_3-x:IN_2_3-x,01-01-1970 05:34:16.000,01-01-1970 05:35:16.000
HL,IN_1_3-x:IN_2_3-x,01-01-1970 06:54:16.000,01-01-1970 06:55:16.000
HL,IN_1_3-x:IN_2_3-x,01-01-1970 08:17:16.000,01-01-1970 08:18:16.000
HL,IN_1_3-x:IN_2_3-x,01-01-1970 12:16:16.000,01-01-1970 12:17:16.000
HL,IN_2_3-x:IN_3_3-x,01-01-1970 01:12:18.200,01-01-1970 01:13:18.200
HL,IN_2_3-x:IN_3_3-x,01-01-1970 01:18:18.200,01-01-1970 01:19:18.200
HL,IN_2_3-x:IN_3_3-x,01-01-1970 01:23:18.200,01-01-1970 01:24:18.200
HL,IN_2_3-x:IN_3_3-x,01-01-1970 03:10:18.200,01-01-1970 03:11:18.200
HL,IN_2_3-x:IN_3_3-x,01-01-1970 04:38:18.200,01-01-1970 04:39:18.200
HL,IN_2_3-x:IN_3_3-x,01-01-1970 05:18:18.200,01-01-1970 05:19:18.200
HL,IN_3_3-x:IN_4_3-x,01-01-1970 01:12:21.200,01-01-1970 01:13:21.200
HL,IN_3_3-x:IN_4_3-x,01-01-1970 01:18:21.200,01-01-1970 01:19:21.200
HL,IN_3_3-x:IN_4_3-x,01-01-1970 01:27:21.200,01-01-1970 01:28:21.200
HL,IN_3_3-x:IN_4_3-x,01-01-1970 03:10:21.200,01-01-1970 03:11:21.200
HL,IN_3_3-x:IN_4_3-x,01-01-1970 04:08:21.200,01-01-1970 04:09:21.200
HL,IN_3_3-x:IN_4_3-x,01-01-1970 10:27:21.200,01-01-1970 10:28:21.200
HL,y-S1_0:y-S2_0,01-01-1970 00:47:31.700,01-01-1970 00:48:31.700
HL,y-S1_0:y-S2_0,01-01-1970 01:14:31.700,01-01-1970 01:15:31.700
HL,y-S1_0:y-S2_0,01-01-1970 01:20:31.700,01-01-1970 01:21:31.700
HL,y-S1_0:y-S2_0,01-01-1970 01:25:31.700,01-01-1970 01:26:31.700
HL,y-S1_0:y-S2_0,01-01-1970 02:54:31.700,01-01-1970 02:55:31.700
HL,y-S1_0:y-S2_0,01-01-1970 03:18:31.700,01-01-1970 03:19:31.700
HL,y-S1_0:y-S2_0,01-01-1970 03:21:31.700,01-01-1970 03:22:31.700
HL,y-S1_0:y-S2_0,01-01-1970 03:48:31.700,01-01-1970 03:49:31.700
HL,y-S1_0:y-S2_0,01-01-1970 04:17:31.700,01-01-1970 04:18:31.700
HL,y-S1_0:y-S2_0,01-01-1970 04:40:31.700,01-01-1970 04:41:31.700
HL,y-S1_0:y-S2_0,01-01-1970 04:51:31.700,01-01-1970 04:52:31.700
HL,y-S1_0:y-S2_0,01-01-1970 05:20:31.700,01-01-1970 05:21:31.700
HL,y-S1_0:y-S2_0,01-01-1970 08:19:31.700,01-01-1970 08:20:31.700
HL,y-S1_0:y-S2_0,01-01-1970 10:13:31.700,01-01-1970 10:14:31.700
HL,y-S1_0:y-S2_0,01-01-1970 10:32:31.700,01-01-1970 10:33:31.700
HL,y-S1_0:y-S2_0,01-01-1970 12:18:31.700,01-01-1970 12:19:31.700
HL,y-S2_0:y-S3_0,01-01-1970 00:47:33.000,01-01-1970 00:48:33.000
HL,y-S2_0:y-S3_0,01-01-1970 01:14:33.000,01-01-1970 01:15:33.000
HL,y-S2_0:y-S3_0,01-01-1970 01:20:33.000,01-01-1970 01:21:33.000
HL,y-S2_0:y-S3_0,01-01-1970 01:25:33.000,01-01-1970 01:26:33.000
HL,y-S2_0:y-S3_0,01-01-1970 01:29:33.000,01-01-1970 01:30:33.000
HL,y-S2_0:y-S3_0,01-01-1970 03:21:33.000,01-01-1970 03:22:33.000
HL,y-S2_0:y-S3_0,01-01-1970 03:48:33.000,01-01-1970 03:49:33.000
HL,y-S2_0:y-S3_0,01-01-1970 04:40:33.000,01-01-1970 04:41:33.000
HL,y-S2_0:y-S3_0,01-01-1970 04:51:33.000,01-01-1970 04:52:33.000
HL,y-S2_0:y-S3_0,01-01-1970 05:20:33.000,01-01-1970 05:21:33.000
HL,y-S2_0:y-S3_0,01-01-1970 05:36:33.000,01-01-1970 05:37:33.000
HL,y-S2_0:y-S3_0,01-01-1970 06:56:33.000,01-01-1970 06:57:33.000
HL,y-S2_0:y-S3_0,01-01-1970 08:19:33.000,01-01-1970 08:20:33.000
HL,y-S2_0:y-S3_0,01-01-1970 10:13:33.000,01-01-1970 10:14:33.000
HL,y-S2_0:y-S3_0,01-01-1970 10:18:33.000,01-01-1970 10:19:33.000
HL,y-S2_0:y-S3_0,01-01-1970 10:49:33.000,01-01-1970 10:50:33.000
HL,y-S2_0:y-S3_0,01-01-1970 12:18:33.000,01-01-1970 12:19:33.000
BL,IN_5_0:IN_5_3-x,01-01-1970 05:53:41.200,01-01-1970 05:54:17.900
BL,IN_5_0:IN_5_3-x,01-01-1970 04:14:48.600,01-01-1970 10:47:26.700
BL,IN_5_0:IN_5_3-x,01-01-1970 12:42:26.600,01-01-1970 12:43:02.500
BL,IN_5_0:IN_5_3-x,01-01-1970 04:54:30.700,01-01-1970 04:55:08.200
BL,IN_5_0:IN_5_3-x,01-01-1970 01:48:55.800,01-01-1970 05:17:04.700
BL,IN_5_0:IN_5_3-x,01-01-1970 09:37:58.900,01-01-1970 09:38:40.600
BL,IN_5_0:IN_5_3-x,01-01-1970 00:43:37.600,01-01-1970 03:37:43.800
BL,IN_5_0:IN_5_3-x,01-01-1970 09:08:05.900,01-01-1970 09:08:45.500
BL,IN_5_0:IN_5_3-x,01-01-1970 07:40:39.900,01-01-1970 07:41:22.400
BL,IN_5_0:IN_5_3-x,01-01-1970 05:15:27.800,01-01-1970 10:46:47.700
BL,IN_5_0:IN_5_3-x,01-01-1970 00:04:37.300,01-01-1970 00:05:17.100
BL,IN_5_0:IN_5_3-x,01-01-1970 00:44:12.400,01-01-1970 04:55:34.700
BL,IN_5_0:IN_5_3-x,01-01-1970 09:56:33.700,01-01-1970 09:57:12.300
BL,IN_5_0:IN_5_3-x,01-01-1970 04:26:20.700,01-01-1970 06:51:37.900
BL,IN_5_0:IN_5_3-x,01-01-1970 01:13:00.100,01-01-1970 01:13:54.800
BL,IN_5_0:IN_5_3-x,01-01-1970 06:04:23.400,01-01-1970 04:26:59.400
BL,IN_5_0:IN_5_3-x,01-01-1970 11:44:35.000,01-01-1970 11:45:11.200
BL,IN_5_0:IN_5_3-x,01-01-1970 10:06:45.900,01-01-1970 06:33:36.300
BL,IN_5_0:IN_5_3-x,01-01-1970 08:18:02.300,01-01-1970 08:18:37.300
BL,IN_5_0:IN_5_3-x,01-01-1970 02:46:40.800,01-01-1970 02:47:20.500
BL,IN_5_0:IN_5_3-x,01-01-1970 01:58:02.300,01-01-1970 09:08:04.800
BL,IN_5_0:IN_5_3-x,01-01-1970 11:15:51.500,01-01-1970 10:54:44.300
BL,IN_5_0:IN_5_3-x,01-01-1970 07:29:40.400,01-01-1970 02:27:10.500
BL,IN_5_0:IN_5_3-x,01-01-1970 04:13:48.900,01-01-1970 07:11:44.100
BL,IN_5_0:IN_5_3-x,01-01-1970 06:42:03.600,01-01-1970 06:42:39.300
BL,IN_5_0:IN_5_3-x,01-01-1970 09:36:42.000,01-01-1970 00:45:18.800
BL,IN_5_0:IN_5_3-x,01-01-1970 01:47:39.700,01-01-1970 01:59:04.600
BL,IN_5_0:IN_5_3-x,01-01-1970 07:50:36.800,01-01-1970 07:51:13.200
BL,IN_5_0:IN_5_3-x,01-01-1970 07:28:51.700,01-01-1970 07:29:26.500
BL,IN_5_0:IN_5_3-x,01-01-1970 11:15:15.200,01-01-1970 11:15:51.600
BL,IN_5_0:IN_5_3-x,01-01-1970 04:35:07.300,01-01-1970 06:32:30.200
BL,IN_5_0:IN_5_3-x,01-01-1970 00:05:54.200,01-01-1970 00:06:38.300
BL,IN_5_0:IN_5_3-x,01-01-1970 02:55:58.300,01-01-1970 02:56:33.000
BL,IN_5_0:IN_5_3-x,01-01-1970 01:37:46.200,01-01-1970 01:38:24.900
BL,IN_5_0:IN_5_3-x,01-01-1970 10:06:14.700,01-01-1970 10:06:56.600
BL,IN_5_0:IN_5_3-x,01-01-1970 03:25:04.600,01-01-1970 03:16:06.400
BL,IN_5_0:IN_5_3-x,01-01-1970 09:28:49.000,01-01-1970 05:35:27.000
BL,IN_5_0:IN_5_3-x,01-01-1970 02:56:47.000,01-01-1970 02:57:30.100
BL,IN_5_0:IN_5_3-x,01-01-1970 01:14:03.800,01-01-1970 01:14:39.800
BL,IN_5_0:IN_5_3-x,01-01-1970 07:01:04.200,01-01-1970 07:01:38.500
BL,IN_5_0:IN_5_3-x,01-01-1970 09:17:03.800,01-01-1970 09:17:40.200
BL,IN_5_0:IN_5_3-x,01-01-1970 09:35:53.300,01-01-1970 09:36:30.100
BL,IN_5_0:IN_5_3-x,01-01-1970 07:28:11.900,01-01-1970 07:28:49.100
BL,IN_5_0:IN_5_3-x,01-01-1970 12:50:45.100,01-01-1970 02:08:04.100
BL,IN_5_0:IN_5_3-x,01-01-1970 06:01:54.200,01-01-1970 06:02:31.600
BL,IN_5_0:IN_5_3-x,01-01-1970 07:09:35.800,01-01-1970 07:10:15.400
BL,IN_5_0:IN_5_3-x,01-01-1970 04:12:32.800,01-01-1970 04:23:45.900
BL,IN_5_0:IN_5_3-x,01-01-1970 09:06:57.300,01-01-1970 04:45:42.100
BL,IN_5_0:IN_5_3-x,01-01-1970 05:25:21.200,01-01-1970 05:26:00.900
BL,IN_5_0:IN_5_3-x,01-01-1970 05:33:13.400,01-01-1970 08:00:51.500
BL,IN_5_0:IN_5_3-x,01-01-1970 02:07:55.300,01-01-1970 02:08:31.400
BL,IN_5_0:IN_5_3-x,01-01-1970 01:57:26.000,01-01-1970 01:58:01.600
BL,IN_5_0:IN_5_3-x,01-01-1970 00:34:49.900,01-01-1970 00:46:30.300
BL,IN_5_0:IN_5_3-x,01-01-1970 10:04:57.800,01-01-1970 10:05:39.000
BL,IN_5_0:IN_5_3-x,01-01-1970 06:41:23.800,01-01-1970 11:43:40.400
BL,IN_5_0:IN_5_3-x,01-01-1970 12:04:30.300,01-01-1970 01:47:48.700
BL,IN_5_0:IN_5_3-x,01-01-1970 06:02:29.000,01-01-1970 06:03:03.700
BL,IN_5_0:IN_5_3-x,01-01-1970 02:44:46.400,01-01-1970 08:38:14.700
BL,IN_5_0:IN_5_3-x,01-01-1970 10:16:38.800,01-01-1970 01:15:14.500
BL,IN_5_0:IN_5_3-x,01-01-1970 04:33:36.400,01-01-1970 04:34:13.700
BL,IN_5_0:IN_5_3-x,01-01-1970 09:35:13.500,01-01-1970 12:39:52.500
BL,IN_5_0:IN_5_3-x,01-01-1970 12:50:13.900,01-01-1970 12:50:48.000
BL,IN_5_0:IN_5_3-x,01-01-1970 05:13:15.500,01-01-1970 00:07:35.800
BL,IN_5_0:IN_5_3-x,01-01-1970 07:59:13.000,01-01-1970 03:45:07.100
BL,IN_5_0:IN_5_3-x,01-01-1970 05:23:52.700,01-01-1970 05:24:29.100
BL,IN_5_0:IN_5_3-x,01-01-1970 10:03:29.300,01-01-1970 13:01:31.400
BL,IN_5_0:IN_5_3-x,01-01-1970 00:46:43.100,01-01-1970 00:47:20.900
BL,IN_5_0:IN_5_3-x,01-01-1970 00:35:49.600,01-01-1970 00:36:24.700
BL,IN_5_0:IN_5_3-x,01-01-1970 11:23:46.800,01-01-1970 11:13:58.600
BL,IN_5_0:IN_5_3-x,01-01-1970 07:37:57.900,01-01-1970 08:26:56.800
BL,IN_5_0:IN_5_3-x,01-01-1970 08:48:21.000,01-01-1970 08:48:59.600
BL,IN_5_0:IN_5_3-x,01-01-1970 11:53:04.300,01-01-1970 12:03:38.100
BL,IN_5_0:IN_5_3-x,01-01-1970 00:26:18.000,01-01-1970 00:26:52.900
BL,IN_5_0:IN_5_3-x,01-01-1970 01:28:14.800,01-01-1970 01:29:13.800
BL,IN_5_0:IN_5_3-x,01-01-1970 10:26:31.300,01-01-1970 10:27:48.200
BL,IN_5_0:IN_5_3-x,01-01-1970 10:04:09.100,01-01-1970 10:04:43.900
BL,IN_5_0:IN_5_3-x,01-01-1970 03:34:35.900,01-01-1970 03:24:03.200
BL,IN_5_0:IN_5_3-x,01-01-1970 01:56:54.800,01-01-1970 11:54:06.800
BL,IN_5_0:IN_5_3-x,01-01-1970 12:39:41.200,01-01-1970 12:40:17.500
BL,IN_5_0:IN_5_3-x,01-01-1970 10:25:59.000,01-01-1970 06:23:15.700
BL,IN_5_0:IN_5_3-x,01-01-1970 03:05:18.700,01-01-1970 03:07:04.400
BL,IN_5_0:IN_5_3-x,01-01-1970 04:44:33.700,01-01-1970 01:29:26.500
BL,IN_5_0:IN_5_3-x,01-01-1970 06:10:50.600,01-01-1970 13:01:06.200
BL,IN_5_0:IN_5_3-x,01-01-1970 02:34:47.600,01-01-1970 02:35:27.400
BL,IN_5_0:IN_5_3-x,01-01-1970 04:21:32.200,01-01-1970 09:16:05.900
BL,IN_5_0:IN_5_3-x,01-01-1970 04:32:27.800,01-01-1970 04:44:51.400
BL,IN_5_0:IN_5_3-x,01-01-1970 11:23:20.900,01-01-1970 11:23:56.100
BL,IN_5_0:IN_5_3-x,01-01-1970 11:12:51.600,01-01-1970 11:13:35.700
BL,IN_5_0:IN_5_3-x,01-01-1970 08:57:22.200,01-01-1970 08:57:58.600
BL,IN_5_0:IN_5_3-x,01-01-1970 02:06:16.800,01-01-1970 00:08:41.800
BL,IN_5_0:IN_5_3-x,01-01-1970 11:22:46.100,01-01-1970 09:45:10.500
BL,IN_5_0:IN_5_3-x,01-01-1970 07:58:41.800,01-01-1970 03:44:11.600
BL,IN_5_0:IN_5_3-x,01-01-1970 00:37:24.500,01-01-1970 00:38:00.700
BL,IN_5_0:IN_5_3-x,01-01-1970 10:25:31.600,01-01-1970 10:27:45.200
BL,IN_5_0:IN_5_3-x,01-01-1970 05:02:11.300,01-01-1970 08:37:11.400
BL,IN_5_0:IN_5_3-x,01-01-1970 11:52:28.000,01-01-1970 11:53:03.600
BL,IN_5_0:IN_5_3-x,01-01-1970 05:23:26.800,01-01-1970 12:21:36.500
BL,IN_5_0:IN_5_3-x,01-01-1970 03:22:20.600,01-01-1970 03:22:56.600
BL,IN_5_0:IN_5_3-x,01-01-1970 03:44:01.700,01-01-1970 00:48:17.900
BL,IN_5_0:IN_5_3-x,01-01-1970 04:33:00.100,01-01-1970 04:44:52.900
BL,IN_5_0:IN_5_3-x,01-01-1970 07:19:21.200,01-01-1970 07:20:00.900
BL,IN_5_0:IN_5_3-x,01-01-1970 02:53:46.600,01-01-1970 11:02:58.300
BL,IN_5_0:IN_5_3-x,01-01-1970 12:38:40.500,01-01-1970 12:39:22.400
BL,IN_5_0:IN_5_3-x,01-01-1970 10:36:41.900,01-01-1970 08:36:34.900
BL,IN_5_0:IN_5_3-x,01-01-1970 06:58:22.200,01-01-1970 07:09:12.400
BL,IN_5_0:IN_5_3-x,01-01-1970 12:13:11.400,01-01-1970 12:13:53.000
BL,IN_5_0:IN_5_3-x,01-01-1970 09:44:08.300,01-01-1970 09:25:32.500
BL,IN_5_0:IN_5_3-x,01-01-1970 07:46:59.100,01-01-1970 07:47:35.300
BL,IN_5_0:IN_5_3-x,01-01-1970 06:09:50.900,01-01-1970 06:21:01.600
BL,IN_5_0:IN_5_3-x,01-01-1970 12:59:07.600,01-01-1970 01:27:40.600
BL,IN_5_0:IN_5_3-x,01-01-1970 03:02:41.900,01-01-1970 03:03:17.400
BL,IN_5_0:IN_5_3-x,01-01-1970 04:42:06.600,01-01-1970 04:42:42.200
BL,IN_5_0:IN_5_3-x,01-01-1970 01:16:45.800,01-01-1970 03:32:34.600
BL,IN_5_0:IN_5_3-x,01-01-1970 03:53:56.600,01-01-1970 03:54:32.200
BL,IN_5_0:IN_5_3-x,01-01-1970 02:16:04.400,01-01-1970 02:16:44.100
BL,IN_5_0:IN_5_3-x,01-01-1970 08:16:24.000,01-01-1970 07:58:04.600
BL,IN_5_0:IN_5_3-x,01-01-1970 02:42:04.400,01-01-1970 02:42:44.300
BL,IN_5_0:IN_5_3-x,01-01-1970 03:32:47.800,01-01-1970 03:33:27.600
BL,IN_5_0:IN_5_3-x,01-01-1970 05:31:09.200,01-01-1970 05:31:43.300
BL,IN_5_0:IN_5_3-x,01-01-1970 08:35:27.700,01-01-1970 08:36:02.800
BL,IN_5_0:IN_5_3-x,01-01-1970 06:57:33.500,01-01-1970 06:58:08.300
BL,IN_5_0:IN_5_3-x,01-01-1970 00:37:56.800,01-01-1970 00:38:34.500
BL,IN_5_0:IN_5_3-x,01-01-1970 05:22:20.800,01-01-1970 01:27:51.300
BL,IN_5_0:IN_5_3-x,01-01-1970 03:03:30.600,01-01-1970 10:36:04.700
BL,IN_5_0:IN_5_3-x,01-01-1970 06:56:53.700,01-01-1970 06:57:30.200
BL,IN_5_0:IN_5_3-x,01-01-1970 05:11:47.000,01-01-1970 05:12:26.000
BL,IN_5_0:IN_5_3-x,01-01-1970 01:17:18.100,01-01-1970 01:18:55.500
BL,IN_5_0:IN_5_3-x,01-01-1970 03:02:02.100,01-01-1970 03:02:38.500
BL,IN_5_0:IN_5_3-x,01-01-1970 04:41:35.400,01-01-1970 11:32:18.500
BL,IN_5_0:IN_5_3-x,01-01-1970 01:17:54.400,01-01-1970 01:18:57.000
BL,IN_5_0:IN_5_3-x,01-01-1970 06:19:27.400,01-01-1970 06:20:03.400
BL,IN_5_0:IN_5_3-x,01-01-1970 09:24:24.200,01-01-1970 11:32:42.800
BL,IN_5_0:IN_5_3-x,01-01-1970 09:32:41.900,01-01-1970 01:36:56.900
BL,IN_5_0:IN_5_3-x,01-01-1970 12:00:30.200,01-01-1970 06:09:52.000
BL,IN_5_0:IN_5_3-x,01-01-1970 09:54:02.100,01-01-1970 09:54:36.800
BL,IN_5_0:IN_5_3-x,01-01-1970 12:11:05.800,01-01-1970 05:11:26.500
BL,IN_5_0:IN_5_3-x,01-01-1970 08:34:24.000,01-01-1970 08:34:59.200
BL,IN_5_0:IN_5_3-x,01-01-1970 03:31:19.300,01-01-1970 06:57:02.800
BL,IN_5_0:IN_5_3-x,01-01-1970 03:53:25.400,01-01-1970 10:13:41.800
BL,IN_5_0:IN_5_3-x,01-01-1970 00:18:25.800,01-01-1970 00:19:03.700
BL,IN_5_0:IN_5_3-x,01-01-1970 12:11:54.500,01-01-1970 12:12:34.300
BL,IN_5_0:IN_5_3-x,01-01-1970 11:50:39.900,01-01-1970 11:51:20.700
BL,IN_5_0:IN_5_3-x,01-01-1970 08:35:00.300,01-01-1970 08:35:35.300
BL,IN_5_0:IN_5_3-x,01-01-1970 02:04:45.900,01-01-1970 02:05:20.800
BL,IN_5_0:IN_5_3-x,01-01-1970 03:14:13.100,01-01-1970 03:16:04.700
BL,IN_5_0:IN_5_3-x,01-01-1970 01:26:09.700,01-01-1970 01:37:22.200
BL,IN_5_0:IN_5_3-x,01-01-1970 05:30:41.800,01-01-1970 05:31:41.800
BL,IN_5_0:IN_5_3-x,01-01-1970 01:54:09.400,01-01-1970 06:19:26.900
BL,IN_5_0:IN_5_3-x,01-01-1970 06:29:52.000,01-01-1970 06:30:27.600
BL,IN_5_0:IN_5_3-x,01-01-1970 04:40:18.500,01-01-1970 00:57:48.500
BL,IN_5_0:IN_5_3-x,01-01-1970 04:51:27.300,01-01-1970 09:23:35.300
BL,IN_5_0:IN_5_3-x,01-01-1970 03:12:11.400,01-01-1970 09:43:08.600
BL,IN_5_0:IN_5_3-x,01-01-1970 09:31:34.400,01-01-1970 09:32:16.200
BL,IN_5_0:IN_5_3-x,01-01-1970 08:15:20.300,01-01-1970 01:19:02.000
BL,IN_5_0:IN_5_3-x,01-01-1970 08:44:05.000,01-01-1970 04:02:57.800
BL,IN_5_0:IN_5_3-x,01-01-1970 11:59:28.000,01-01-1970 12:00:02.900
BL,IN_5_0:IN_5_3-x,01-01-1970 12:28:22.300,01-01-1970 00:19:32.500
BL,IN_5_0:IN_5_3-x,01-01-1970 08:06:58.700,01-01-1970 08:07:40.600
BL,IN_5_0:IN_5_3-x,01-01-1970 07:05:48.100,01-01-1970 07:06:24.500
BL,IN_5_0:IN_5_3-x,01-01-1970 00:29:59.700,01-01-1970 00:30:34.700
BL,IN_5_0:IN_5_3-x,01-01-1970 03:41:19.700,01-01-1970 05:21:19.500
BL,IN_5_0:IN_5_3-x,01-01-1970 08:44:36.200,01-01-1970 08:45:11.900
BL,IN_5_0:IN_5_3-x,01-01-1970 06:55:53.000,01-01-1970 06:56:28.000
BL,IN_5_0:IN_5_3-x,01-01-1970 10:12:22.000,01-01-1970 10:13:40.400
BL,IN_5_0:IN_5_3-x,01-01-1970 12:10:26.000,01-01-1970 00:40:05.100
BL,IN_5_0:IN_5_3-x,01-01-1970 12:57:39.100,01-01-1970 12:58:15.300
BL,IN_5_0:IN_5_3-x,01-01-1970 09:32:05.600,01-01-1970 09:32:43.800
BL,IN_5_0:IN_5_3-x,01-01-1970 05:10:15.100,01-01-1970 05:10:50.100
BL,IN_5_0:IN_5_3-x,01-01-1970 11:10:06.200,01-01-1970 11:10:42.500
BL,IN_5_0:IN_5_3-x,01-01-1970 05:29:36.400,01-01-1970 05:30:18.400
BL,IN_5_0:IN_5_3-x,01-01-1970 05:40:13.200,01-01-1970 03:31:29.200
BL,IN_5_0:IN_5_3-x,01-01-1970 09:05:53.600,01-01-1970 09:06:29.000
BL,IN_5_0:IN_5_3-x,01-01-1970 00:58:22.400,01-01-1970 00:58:58.700
BL,IN_5_0:IN_5_3-x,01-01-1970 06:39:19.600,01-01-1970 11:41:48.800
BL,IN_5_0:IN_5_3-x,01-01-1970 10:02:28.600,01-01-1970 10:03:07.500
BL,IN_5_0:IN_5_3-x,01-01-1970 07:54:55.700,01-01-1970 07:55:33.000
BL,IN_5_0:IN_5_3-x,01-01-1970 04:50:12.400,01-01-1970 01:34:46.200
BL,IN_5_0:IN_5_3-x,01-01-1970 03:11:10.700,01-01-1970 03:12:04.100
BL,IN_5_0:IN_5_3-x,01-01-1970 01:19:25.300,01-01-1970 08:54:56.100
BL,IN_5_0:IN_5_3-x,01-01-1970 11:58:22.000,01-01-1970 11:58:56.900
BL,IN_5_0:IN_5_3-x,01-01-1970 12:16:49.500,01-01-1970 06:19:01.500
BL,IN_5_0:IN_5_3-x,01-01-1970 02:23:30.300,01-01-1970 02:24:05.200
BL,IN_5_0:IN_5_3-x,01-01-1970 08:24:33.100,01-01-1970 11:59:32.200
BL,IN_5_0:IN_5_3-x,01-01-1970 04:50:56.100,01-01-1970 02:50:39.100
BL,IN_5_0:IN_5_3-x,01-01-1970 03:40:39.900,01-01-1970 03:51:54.300
BL,IN_5_0:IN_5_3-x,01-01-1970 07:05:22.200,01-01-1970 07:05:57.200
BL,IN_5_0:IN_5_3-x,01-01-1970 03:50:40.000,01-01-1970 03:51:16.400
BL,IN_5_0:IN_5_3-x,01-01-1970 10:22:14.900,01-01-1970 04:02:00.500
BL,IN_5_0:IN_5_3-x,01-01-1970 09:22:29.800,01-01-1970 01:35:40.000
BL,IN_5_0:IN_5_3-x,01-01-1970 13:07:48.400,01-01-1970 13:08:34.800
BL,IN_5_0:IN_5_3-x,01-01-1970 11:09:05.500,01-01-1970 11:09:42.700
BL,IN_5_0:IN_5_3-x,01-01-1970 05:28:09.000,01-01-1970 04:50:19.000
BL,IN_5_0:IN_5_3-x,01-01-1970 08:13:12.000,01-01-1970 08:13:46.100
BL,IN_5_0:IN_5_3-x,01-01-1970 01:33:04.000,01-01-1970 01:33:38.500
BL,IN_5_0:IN_5_3-x,01-01-1970 13:06:47.700,01-01-1970 00:59:26.800
BL,IN_5_0:IN_5_3-x,01-01-1970 10:01:57.400,01-01-1970 03:12:02.700
BL,IN_5_0:IN_5_3-x,01-01-1970 10:20:20.500,01-01-1970 10:32:02.200
BL,IN_5_0:IN_5_3-x,01-01-1970 11:57:49.700,01-01-1970 12:08:56.600
BL,IN_5_0:IN_5_3-x,01-01-1970 12:26:51.400,01-01-1970 06:28:43.500
BL,IN_5_0:IN_5_3-x,01-01-1970 01:23:11.400,01-01-1970 10:21:26.200
BL,IN_5_0:IN_5_3-x,01-01-1970 04:00:46.200,01-01-1970 04:01:25.400
BL,IN_5_0:IN_5_3-x,01-01-1970 07:04:16.200,01-01-1970 07:16:00.500
BL,IN_5_0:IN_5_3-x,01-01-1970 02:02:02.400,01-01-1970 04:11:04.800
BL,IN_5_0:IN_5_3-x,01-01-1970 08:13:44.300,01-01-1970 08:14:19.500
BL,IN_5_0:IN_5_3-x,01-01-1970 11:19:02.900,01-01-1970 11:19:39.300
BL,IN_5_0:IN_5_3-x,01-01-1970 05:27:39.300,01-01-1970 00:21:11.400
BL,IN_5_0:IN_5_3-x,01-01-1970 01:33:29.900,01-01-1970 01:34:06.300
BL,IN_5_0:IN_5_3-x,01-01-1970 07:25:40.300,01-01-1970 07:26:16.700
BL,IN_5_0:IN_5_3-x,01-01-1970 13:07:22.500,01-01-1970 13:08:33.400
BL,IN_5_0:IN_5_3-x,01-01-1970 00:31:31.600,01-01-1970 00:32:10.600
BL,IN_5_0:IN_5_3-x,01-01-1970 01:21:54.500,01-01-1970 01:22:34.100
BL,IN_5_0:IN_5_3-x,01-01-1970 03:09:39.800,01-01-1970 04:48:47.000
BL,IN_5_0:IN_5_3-x,01-01-1970 00:49:14.700,01-01-1970 12:16:20.900
BL,IN_5_0:IN_5_3-x,01-01-1970 09:50:27.500,01-01-1970 09:51:11.700
BL,IN_5_0:IN_5_3-x,01-01-1970 01:42:55.800,01-01-1970 08:23:40.900
BL,IN_5_0:IN_5_3-x,01-01-1970 00:59:22.100,01-01-1970 01:12:17.100
BL,IN_5_0:IN_5_3-x,01-01-1970 12:15:18.600,01-01-1970 10:31:34.400
BL,IN_5_0:IN_5_3-x,01-01-1970 06:26:35.400,01-01-1970 06:27:11.600
BL,IN_5_0:IN_5_3-x,01-01-1970 04:10:01.200,01-01-1970 04:10:38.200
BL,IN_5_0:IN_5_3-x,01-01-1970 09:13:42.000,01-01-1970 09:14:24.300
BL,IN_5_0:IN_5_3-x,01-01-1970 02:12:04.300,01-01-1970 02:01:47.900
BL,IN_5_0:IN_5_3-x,01-01-1970 00:11:09.300,01-01-1970 05:59:16.200
BL,IN_5_0:IN_5_3-x,01-01-1970 02:21:54.300,01-01-1970 02:22:33.400
BL,IN_5_0:IN_5_3-x,01-01-1970 10:52:35.900,01-01-1970 10:53:12.100
BL,IN_5_0:IN_5_3-x,01-01-1970 04:19:56.200,01-01-1970 12:26:43.200
BL,IN_5_0:IN_5_3-x,01-01-1970 08:52:57.400,01-01-1970 00:22:21.300
BL,IN_5_0:IN_5_3-x,01-01-1970 00:32:07.900,01-01-1970 11:18:59.500
BL,IN_5_0:IN_5_3-x,01-01-1970 05:17:59.400,01-01-1970 05:27:19.800
BL,IN_5_0:IN_5_3-x,01-01-1970 09:50:58.700,01-01-1970 05:38:08.600
BL,IN_5_0:IN_5_3-x,01-01-1970 13:06:16.500,01-01-1970 13:08:30.500
BL,IN_5_0:IN_5_3-x,01-01-1970 06:36:45.000,01-01-1970 06:37:26.800
BL,IN_5_0:IN_5_3-x,01-01-1970 10:30:04.900,01-01-1970 10:30:39.300
BL,IN_5_0:IN_5_3-x,01-01-1970 03:30:18.600,01-01-1970 03:30:56.000
BL,IN_5_0:IN_5_3-x,01-01-1970 00:50:43.200,01-01-1970 00:51:25.300
BL,IN_5_0:IN_5_3-x,01-01-1970 12:24:45.800,01-01-1970 01:53:12.600
BL,IN_5_0:IN_5_3-x,01-01-1970 04:58:30.800,01-01-1970 04:59:12.100
BL,IN_5_0:IN_5_3-x,01-01-1970 05:36:30.000,01-01-1970 05:37:05.700
BL,IN_5_0:IN_5_3-x,01-01-1970 08:11:35.100,01-01-1970 06:55:56.800
BL,IN_5_0:IN_5_3-x,01-01-1970 12:24:06.000,01-01-1970 12:35:41.100
BL,IN_5_0:IN_5_3-x,01-01-1970 09:12:13.500,01-01-1970 09:12:51.400
BL,IN_5_0:IN_5_3-x,01-01-1970 06:37:16.200,01-01-1970 06:15:43.500
BL,IN_5_0:IN_5_3-x,01-01-1970 07:12:52.400,01-01-1970 07:13:28.000
BL,IN_5_0:IN_5_3-x,01-01-1970 10:59:14.000,01-01-1970 10:30:08.600
BL,IN_5_0:IN_5_3-x,01-01-1970 03:09:03.500,01-01-1970 05:01:06.400
BL,IN_5_0:IN_5_3-x,01-01-1970 01:31:58.000,01-01-1970 01:32:35.600
BL,IN_5_0:IN_5_3-x,01-01-1970 01:21:05.800,01-01-1970 01:12:18.700
BL,IN_5_0:IN_5_3-x,01-01-1970 04:19:25.000,01-01-1970 02:32:55.700
BL,IN_5_0:IN_5_3-x,01-01-1970 06:15:34.500,01-01-1970 06:16:10.900
BL,IN_5_0:IN_5_3-x,01-01-1970 12:35:44.600,01-01-1970 09:03:18.100
BL,IN_5_0:IN_5_3-x,01-01-1970 07:24:30.800,01-01-1970 07:25:13.800
BL,IN_5_0:IN_5_3-x,01-01-1970 00:11:49.100,01-01-1970 00:23:21.800
BL,IN_5_0:IN_5_3-x,01-01-1970 05:37:06.300,01-01-1970 05:37:40.400
BL,IN_5_0:IN_5_3-x,01-01-1970 02:11:28.000,01-01-1970 11:49:47.700
BL,IN_5_0:IN_5_3-x,01-01-1970 11:27:58.800,01-01-1970 11:28:35.200
BL,IN_5_0:IN_5_3-x,01-01-1970 04:09:24.900,01-01-1970 04:10:25.300
BL,IN_5_0:IN_5_3-x,01-01-1970 00:22:06.000,01-01-1970 03:59:49.400
BL,IN_5_0:IN_5_3-x,01-01-1970 03:29:15.100,01-01-1970 03:29:49.600
BL,IN_5_0:IN_5_3-x,01-01-1970 06:54:22.100,01-01-1970 03:48:07.000
BL,IN_5_0:IN_5_3-x,01-01-1970 01:40:54.100,01-01-1970 01:41:30.600
BL,IN_5_0:IN_5_3-x,01-01-1970 05:46:06.500,01-01-1970 05:46:45.200
BL,IN_5_0:IN_5_3-x,01-01-1970 00:40:08.500,01-01-1970 10:50:40.900
BL,IN_5_0:IN_5_3-x,01-01-1970 07:33:21.500,01-01-1970 09:01:21.900
BL,IN_5_0:IN_5_3-x,01-01-1970 03:08:14.900,01-01-1970 03:11:04.300
BL,IN_5_0:IN_5_3-x,01-01-1970 10:57:45.500,01-01-1970 10:58:21.800
BL,IN_5_0:IN_5_3-x,01-01-1970 06:46:43.800,01-01-1970 06:47:18.500
BL,IN_5_0:IN_5_3-x,01-01-1970 01:00:54.000,01-01-1970 03:11:02.700
BL,IN_5_0:IN_5_3-x,01-01-1970 09:01:09.900,01-01-1970 10:59:00.200
BL,IN_5_0:IN_5_3-x,01-01-1970 10:28:43.000,01-01-1970 01:42:09.600
BL,IN_5_0:IN_5_3-x,01-01-1970 12:13:42.600,01-01-1970 12:14:18.200
BL,IN_5_0:IN_5_3-x,01-01-1970 07:12:21.200,01-01-1970 07:13:02.900
BL,IN_5_0:IN_5_3-x,01-01-1970 03:58:14.600,01-01-1970 09:12:22.600
BL,IN_5_0:IN_5_3-x,01-01-1970 07:34:01.300,01-01-1970 10:51:06.600
BL,IN_5_0:IN_5_3-x,01-01-1970 06:25:34.700,01-01-1970 06:26:12.500
BL,IN_5_0:IN_5_3-x,01-01-1970 10:09:52.800,01-01-1970 10:12:09.600
BL,IN_5_0:IN_5_3-x,01-01-1970 08:21:32.700,01-01-1970 08:22:08.800
BL,IN_5_0:IN_5_3-x,01-01-1970 05:35:58.800,01-01-1970 05:36:40.500
BL,IN_5_0:IN_5_3-x,01-01-1970 00:12:37.800,01-01-1970 02:10:38.700
BL,IN_5_0:IN_5_3-x,01-01-1970 13:04:40.500,01-01-1970 05:08:08.200
BL,IN_5_0:IN_5_3-x,01-01-1970 00:24:10.800,01-01-1970 01:41:05.000
BL,IN_5_0:IN_5_3-x,01-01-1970 12:34:04.100,01-01-1970 12:34:43.000
BL,IN_5_0:IN_5_3-x,01-01-1970 00:41:30.400,01-01-1970 00:42:06.700
BL,IN_5_0:IN_5_3-x,01-01-1970 01:50:26.700,01-01-1970 03:57:38.200
BL,IN_5_0:IN_5_3-x,01-01-1970 08:01:41.700,01-01-1970 05:45:29.400
BL,IN_5_0:IN_5_3-x,01-01-1970 04:46:06.500,01-01-1970 04:57:39.900
BL,IN_5_0:IN_5_3-x,01-01-1970 09:00:09.200,01-01-1970 09:00:46.600
BL,IN_5_0:IN_5_3-x,01-01-1970 10:49:28.000,01-01-1970 10:50:03.600
BL,IN_5_0:IN_5_3-x,01-01-1970 07:22:01.600,01-01-1970 06:35:15.000
BL,IN_5_0:IN_5_3-x,01-01-1970 07:43:51.200,01-01-1970 12:46:05.800
BL,IN_5_0:IN_5_3-x,01-01-1970 06:35:28.100,01-01-1970 09:22:29.100
BL,IN_5_0:IN_5_3-x,01-01-1970 02:40:35.900,01-01-1970 02:41:12.100
BL,IN_5_0:IN_5_3-x,01-01-1970 02:48:58.900,01-01-1970 06:54:23.200
BL,IN_5_0:IN_5_3-x,01-01-1970 00:13:54.700,01-01-1970 09:48:18.500
BL,IN_5_0:IN_5_3-x,01-01-1970 10:09:21.600,01-01-1970 04:08:59.000
BL,IN_5_0:IN_5_3-x,01-01-1970 03:46:59.800,01-01-1970 03:47:36.100
BL,IN_5_0:IN_5_3-x,01-01-1970 02:30:47.500,01-01-1970 02:31:26.900
BL,IN_5_0:IN_5_3-x,01-01-1970 08:10:06.600,01-01-1970 02:50:07.400
BL,IN_5_0:IN_5_3-x,01-01-1970 04:17:49.000,01-01-1970 04:18:28.800
BL,IN_5_0:IN_5_3-x,01-01-1970 11:36:42.800,01-01-1970 11:26:53.600
BL,IN_5_0:IN_5_3-x,01-01-1970 02:00:33.900,01-01-1970 12:22:43.300
BL,IN_5_0:IN_5_3-x,01-01-1970 04:04:35.300,01-01-1970 11:57:24.200
BL,IN_5_0:IN_5_3-x,01-01-1970 07:03:16.500,01-01-1970 07:03:51.500
BL,IN_5_0:IN_5_3-x,01-01-1970 04:16:20.500,01-01-1970 04:17:00.100
BL,IN_5_0:IN_5_3-x,01-01-1970 03:17:31.400,01-01-1970 06:34:35.900
BL,IN_5_0:IN_5_3-x,01-01-1970 01:03:39.400,01-01-1970 01:04:21.100
BL,IN_5_0:IN_5_3-x,01-01-1970 00:42:06.700,01-01-1970 00:42:42.700
BL,IN_5_0:IN_5_3-x,01-01-1970 09:09:41.900,01-01-1970 01:29:54.900
BL,IN_5_0:IN_5_3-x,01-01-1970 10:48:13.100,01-01-1970 10:48:48.800
BL,IN_5_0:IN_5_3-x,01-01-1970 11:06:58.300,01-01-1970 11:07:37.900
BL,IN_5_0:IN_5_3-x,01-01-1970 07:20:58.100,01-01-1970 07:21:33.400
BL,IN_5_0:IN_5_3-x,01-01-1970 03:05:48.700,01-01-1970 10:38:23.600
BL,IN_5_0:IN_5_3-x,01-01-1970 03:27:41.400,01-01-1970 03:17:50.000
BL,IN_5_0:IN_5_3-x,01-01-1970 02:48:28.900,01-01-1970 02:49:04.800
BL,IN_5_0:IN_5_3-x,01-01-1970 03:06:18.400,01-01-1970 04:46:17.800
BL,IN_5_0:IN_5_3-x,01-01-1970 10:48:56.800,01-01-1970 10:49:40.800
BL,IN_5_0:IN_5_3-x,01-01-1970 07:21:30.400,01-01-1970 11:08:09.800
BL,IN_5_0:IN_5_3-x,01-01-1970 04:05:07.600,01-01-1970 04:08:57.600
BL,IN_5_0:IN_5_3-x,01-01-1970 10:08:21.900,01-01-1970 10:12:05.100
BL,IN_5_0:IN_5_3-x,01-01-1970 02:19:12.300,01-01-1970 02:19:48.500
BL,IN_5_0:IN_5_3-x,01-01-1970 08:19:56.700,01-01-1970 11:47:14.700
BL,IN_5_0:IN_5_3-x,01-01-1970 05:55:29.300,01-01-1970 05:56:08.500
BL,IN_5_0:IN_5_3-x,01-01-1970 00:14:25.900,01-01-1970 00:15:04.600
BL,IN_5_0:IN_5_3-x,01-01-1970 10:55:41.300,01-01-1970 10:56:17.100
BL,IN_5_0:IN_5_3-x,01-01-1970 10:37:13.100,01-01-1970 10:37:49.000
BL,IN_5_0:IN_5_3-x,01-01-1970 10:47:39.900,01-01-1970 10:48:19.700
BL,IN_5_0:IN_5_3-x,01-01-1970 06:51:35.000,01-01-1970 06:52:12.200
BL,IN_5_0:IN_5_3-x,01-01-1970 05:42:55.200,01-01-1970 05:43:30.200
BL,IN_5_0:IN_5_3-x,01-01-1970 04:03:31.600,01-01-1970 02:28:54.500
BL,IN_5_0:IN_5_3-x,01-01-1970 04:15:19.800,01-01-1970 04:16:02.400
BL,IN_5_0:IN_5_3-x,01-01-1970 00:43:06.400,01-01-1970 00:44:48.700
BL,IN_5_0:IN_5_3-x,01-01-1970 11:05:29.800,01-01-1970 11:06:06.100
BL,IN_5_0:IN_5_3-x,01-01-1970 09:38:30.100,01-01-1970 09:19:44.400
BL,IN_5_0:IN_5_3-x,01-01-1970 12:53:14.300,01-01-1970 01:39:24.700
BL,IN_5_0:IN_5_3-x,01-01-1970 12:42:57.800,01-01-1970 12:43:33.600
BL,IN_5_0:IN_5_3-x,01-01-1970 01:04:10.600,01-01-1970 01:04:46.300
BL,IN_5_0:IN_5_3-x,01-01-1970 05:16:27.500,01-01-1970 00:03:45.300
BL,IN_5_0:IN_5_3-x,01-01-1970 09:09:05.600,01-01-1970 08:19:53.600
BL,IN_5_0:IN_5_3-x,01-01-1970 11:46:03.500,01-01-1970 09:57:44.200
BL,IN_5_0:IN_5_3-x,01-01-1970 02:39:04.000,01-01-1970 02:39:40.500
BL,IN_5_0:IN_5_3-x,01-01-1970 06:44:40.400,01-01-1970 06:45:16.100
BL,IN_5_0:IN_5_3-x,01-01-1970 09:19:47.800,01-01-1970 09:20:26.400
BL,IN_5_0:IN_5_3-x,01-01-1970 04:04:07.900,01-01-1970 08:19:04.600
BL,IN_5_0:IN_5_3-x,01-01-1970 11:45:14.800,01-01-1970 11:56:49.700
HL,IN_5_0:IN_5_3-x,01-01-1970 05:53:41.200,01-01-1970 05:57:41.200
HL,IN_5_0:IN_5_3-x,01-01-1970 05:58:41.200,01-01-1970 06:03:41.200
HL,IN_5_0:IN_5_3-x,01-01-1970 06:04:41.200,01-01-1970 06:07:41.200
HL,IN_5_0:IN_5_3-x,01-01-1970 06:08:41.200,01-01-1970 06:15:41.200
HL,IN_5_0:IN_5_3-x,01-01-1970 06:16:41.200,01-01-1970 06:17:41.200
HL,IN_5_0:IN_5_3-x,01-01-1970 06:18:41.200,01-01-1970 06:22:41.200
HL,IN_5_0:IN_5_3-x,01-01-1970 06:23:41.200,01-01-1970 06:26:41.200
HL,IN_5_0:IN_5_3-x,01-01-1970 06:27:41.200,01-01-1970 06:28:41.200
HL,IN_5_0:IN_5_3-x,01-01-1970 06:29:41.200,01-01-1970 06:34:41.200
HL,IN_5_0:IN_5_3-x,01-01-1970 06:36:41.200,01-01-1970 06:41:41.200
HL,IN_5_0:IN_5_3-x,01-01-1970 06:42:41.200,01-01-1970 06:45:41.200
HL,IN_5_0:IN_5_3-x,01-01-1970 06:46:41.200,01-01-1970 06:51:41.200
HL,IN_5_0:IN_5_3-x,01-01-1970 06:52:41.200,01-01-1970 06:57:41.200
HL,IN_5_0:IN_5_3-x,01-01-1970 06:58:41.200,01-01-1970 07:02:41.200
HL,IN_5_0:IN_5_3-x,01-01-1970 07:03:41.200,01-01-1970 07:09:41.200
HL,IN_5_0:IN_5_3-x,01-01-1970 07:10:41.200,01-01-1970 07:11:41.200
HL,IN_5_0:IN_5_3-x,01-01-1970 07:12:41.200,01-01-1970 07:13:41.200
HL,IN_5_0:IN_5_3-x,01-01-1970 07:14:41.200,01-01-1970 07:18:41.200
HL,IN_5_0:IN_5_3-x,01-01-1970 07:19:41.200,01-01-1970 07:22:41.200
HL,IN_5_0:IN_5_3-x,01-01-1970 07:23:41.200,01-01-1970 07:26:41.200
HL,IN_5_0:IN_5_3-x,01-01-1970 07:27:41.200,01-01-1970 07:29:41.200
HL,IN_5_0:IN_5_3-x,01-01-1970 07:30:41.200,01-01-1970 07:33:41.200
HL,IN_5_0:IN_5_3-x,01-01-1970 07:34:41.200,01-01-1970 07:40:41.200
HL,IN_5_0:IN_5_3-x,01-01-1970 07:41:41.200,01-01-1970 07:42:41.200
HL,IN_5_0:IN_5_3-x,01-01-1970 07:43:41.200,01-01-1970 07:47:41.200
HL,IN_5_0:IN_5_3-x,01-01-1970 07:48:41.200,01-01-1970 07:50:41.200
HL,IN_5_0:IN_5_3-x,01-01-1970 07:51:41.200,01-01-1970 07:56:41.200
HL,IN_5_0:IN_5_3-x,01-01-1970 07:58:41.200,01-01-1970 08:00:41.200
HL,IN_5_0:IN_5_3-x,01-01-1970 08:01:41.200,01-01-1970 08:04:41.200
HL,IN_5_0:IN_5_3-x,01-01-1970 08:05:41.200,01-01-1970 08:09:41.200
HL,IN_5_0:IN_5_3-x,01-01-1970 08:10:41.200,01-01-1970 08:11:41.200
HL,IN_5_0:IN_5_3-x,01-01-1970 08:12:41.200,01-01-1970 08:18:41.200
HL,IN_5_0:IN_5_3-x,01-01-1970 08:19:41.200,01-01-1970 08:22:41.200
HL,IN_5_0:IN_5_3-x,01-01-1970 08:23:41.200,01-01-1970 08:24:41.200
HL,IN_5_0:IN_5_3-x,01-01-1970 08:25:41.200,01-01-1970 08:27:41.200
HL,IN_5_0:IN_5_3-x,01-01-1970 08:28:41.200,01-01-1970 08:29:41.200
HL,IN_5_0:IN_5_3-x,01-01-1970 08:30:41.200,01-01-1970 08:37:41.200
HL,IN_5_0:IN_5_3-x,01-01-1970 08:38:41.200,01-01-1970 08:41:41.200
HL,IN_5_0:IN_5_3-x,01-01-1970 08:42:41.200,01-01-1970 08:45:41.200
HL,IN_5_0:IN_5_3-x,01-01-1970 08:46:41.200,01-01-1970 08:47:41.200
HL,IN_5_0:IN_5_3-x,01-01-1970 08:48:41.200,01-01-1970 08:51:41.200
HL,IN_5_0:IN_5_3-x,01-01-1970 08:52:41.200,01-01-1970 08:53:41.200
HL,IN_5_0:IN_5_3-x,01-01-1970 08:54:41.200,01-01-1970 08:59:41.200
HL,IN_5_0:IN_5_3-x,01-01-1970 09:00:41.200,01-01-1970 09:02:41.200
HL,IN_5_0:IN_5_3-x,01-01-1970 09:03:41.200,01-01-1970 09:08:41.200
HL,IN_5_0:IN_5_3-x,01-01-1970 09:09:41.200,01-01-1970 09:12:41.200
HL,IN_5_0:IN_5_3-x,01-01-1970 09:13:41.200,01-01-1970 09:17:41.200
HL,IN_5_0:IN_5_3-x,01-01-1970 09:18:41.200,01-01-1970 09:23:41.200
HL,IN_5_0:IN_5_3-x,01-01-1970 09:24:41.200,01-01-1970 09:25:41.200
HL,IN_5_0:IN_5_3-x,01-01-1970 09:26:41.200,01-01-1970 09:29:41.200
HL,IN_5_0:IN_5_3-x,01-01-1970 09:30:41.200,01-01-1970 09:31:41.200
HL,IN_5_0:IN_5_3-x,01-01-1970 09:32:41.200,01-01-1970 09:35:41.200
HL,IN_5_0:IN_5_3-x,01-01-1970 09:36:41.200,01-01-1970 09:39:41.200
HL,IN_5_0:IN_5_3-x,01-01-1970 09:40:41.200,01-01-1970 09:45:41.200
HL,IN_5_0:IN_5_3-x,01-01-1970 09:46:41.200,01-01-1970 09:48:41.200
HL,IN_5_0:IN_5_3-x,01-01-1970 09:49:41.200,01-01-1970 09:51:41.200
HL,IN_5_0:IN_5_3-x,01-01-1970 09:52:41.200,01-01-1970 09:58:41.200
HL,IN_5_0:IN_5_3-x,01-01-1970 09:59:41.200,01-01-1970 10:03:41.200
HL,IN_5_0:IN_5_3-x,01-01-1970 10:04:41.200,01-01-1970 10:05:41.200
HL,IN_5_0:IN_5_3-x,01-01-1970 10:06:41.200,01-01-1970 10:09:41.200
HL,IN_5_0:IN_5_3-x,01-01-1970 10:11:41.200,01-01-1970 10:14:41.200
HL,IN_5_0:IN_5_3-x,01-01-1970 10:15:41.200,01-01-1970 10:17:41.200
HL,IN_5_0:IN_5_3-x,01-01-1970 10:18:41.200,01-01-1970 10:21:41.200
HL,IN_5_0:IN_5_3-x,01-01-1970 10:22:41.200,01-01-1970 10:26:41.200
HL,IN_5_0:IN_5_3-x,01-01-1970 10:27:41.200,01-01-1970 10:29:41.200
HL,IN_5_0:IN_5_3-x,01-01-1970 10:30:41.200,01-01-1970 10:34:41.200
HL,IN_5_0:IN_5_3-x,01-01-1970 10:36:41.200,01-01-1970 10:44:41.200
HL,IN_5_0:IN_5_3-x,01-01-1970 10:45:41.200,01-01-1970 10:47:41.200
HL,IN_5_0:IN_5_3-x,01-01-1970 10:48:41.200,01-01-1970 10:52:41.200
HL,IN_5_0:IN_5_3-x,01-01-1970 10:53:41.200,01-01-1970 10:54:41.200
HL,IN_5_0:IN_5_3-x,01-01-1970 10:55:41.200,01-01-1970 10:58:41.200
HL,IN_5_0:IN_5_3-x,01-01-1970 10:59:41.200,01-01-1970 11:05:41.200
HL,IN_5_0:IN_5_3-x,01-01-1970 11:06:41.200,01-01-1970 11:09:41.200
HL,IN_5_0:IN_5_3-x,01-01-1970 11:10:41.200,01-01-1970 11:11:41.200
HL,IN_5_0:IN_5_3-x,01-01-1970 11:12:41.200,01-01-1970 11:14:41.200
HL,IN_5_0:IN_5_3-x,01-01-1970 11:15:41.200,01-01-1970 11:20:41.200
HL,IN_5_0:IN_5_3-x,01-01-1970 11:21:41.200,01-01-1970 11:24:41.200
HL,IN_5_0:IN_5_3-x,01-01-1970 11:25:41.200,01-01-1970 11:31:41.200
HL,IN_5_0:IN_5_3-x,01-01-1970 11:32:41.200,01-01-1970 11:35:41.200
HL,IN_5_0:IN_5_3-x,01-01-1970 11:36:41.200,01-01-1970 11:39:41.200
HL,IN_5_0:IN_5_3-x,01-01-1970 11:40:41.200,01-01-1970 11:44:41.200
HL,IN_5_0:IN_5_3-x,01-01-1970 11:45:41.200,01-01-1970 11:47:41.200
HL,IN_5_0:IN_5_3-x,01-01-1970 11:48:41.200,01-01-1970 11:50:41.200
HL,IN_5_0:IN_5_3-x,01-01-1970 11:51:41.200,01-01-1970 11:54:41.200
HL,IN_5_0:IN_5_3-x,01-01-1970 11:55:41.200,01-01-1970 12:02:41.200
HL,IN_5_0:IN_5_3-x,01-01-1970 12:03:41.200,01-01-1970 12:04:41.200
HL,IN_5_0:IN_5_3-x,01-01-1970 12:05:41.200,01-01-1970 12:10:41.200
HL,IN_5_0:IN_5_3-x,01-01-1970 12:11:41.200,01-01-1970 12:12:41.200
HL,IN_5_0:IN_5_3-x,01-01-1970 12:13:41.200,01-01-1970 12:23:41.200
HL,IN_5_0:IN_5_3-x,01-01-1970 12:24:41.200,01-01-1970 12:25:41.200
HL,IN_5_0:IN_5_3-x,01-01-1970 12:26:41.200,01-01-1970 12:28:41.200
HL,IN_5_0:IN_5_3-x,01-01-1970 12:29:41.200,01-01-1970 12:34:41.200
HL,IN_5_0:IN_5_3-x,01-01-1970 12:35:41.200,01-01-1970 12:38:41.200
HL,IN_5_0:IN_5_3-x,01-01-1970 12:39:41.200,01-01-1970 12:40:41.200
HL,IN_5_0:IN_5_3-x,01-01-1970 12:41:41.200,01-01-1970 12:43:41.200
HL,IN_5_0:IN_5_3-x,01-01-1970 12:44:41.200,01-01-1970 12:48:41.200
HL,IN_5_0:IN_5_3-x,01-01-1970 12:49:41.200,01-01-1970 12:52:41.200
HL,IN_5_0:IN_5_3-x,01-01-1970 12:53:41.200,01-01-1970 12:57:41.200
HL,IN_5_0:IN_5_3-x,01-01-1970 12:58:41.200,01-01-1970 12:59:41.200
HL,IN_5_0:IN_5_3-x,01-01-1970 13:00:41.200,01-01-1970 13:01:41.200
HL,IN_5_0:IN_5_3-x,01-01-1970 13:02:41.200,01-01-1970 13:04:41.200
HL,IN_5_0:IN_5_3-x,01-01-1970 13:05:41.200,01-01-1970 13:08:41.200
BL,IN_7_0:IN_7_3-y,01-01-1970 00:44:12.400,01-01-1970 00:44:49.100
BL,IN_7_0:IN_7_3-y,01-01-1970 03:15:58.000,01-01-1970 03:16:44.100
BL,IN_7_0:IN_7_3-y,01-01-1970 01:13:36.400,01-01-1970 01:14:32.200
BL,IN_7_0:IN_7_3-y,01-01-1970 04:26:20.700,01-01-1970 04:26:59.700
BL,IN_7_0:IN_7_3-y,01-01-1970 10:27:37.300,01-01-1970 04:36:08.300
BL,IN_7_0:IN_7_3-y,01-01-1970 00:44:38.300,01-01-1970 00:45:14.100
BL,IN_7_0:IN_7_3-y,01-01-1970 03:15:28.000,01-01-1970 03:16:05.000
BL,IN_7_0:IN_7_3-y,01-01-1970 00:46:06.800,01-01-1970 00:47:05.800
BL,IN_7_0:IN_7_3-y,01-01-1970 10:27:02.500,01-01-1970 10:27:47.500
BL,IN_7_0:IN_7_3-y,01-01-1970 04:22:38.200,01-01-1970 04:23:20.100
BL,IN_7_0:IN_7_3-y,01-01-1970 02:07:27.900,01-01-1970 02:08:01.400
BL,IN_7_0:IN_7_3-y,01-01-1970 10:26:31.300,01-01-1970 10:27:46.000
BL,IN_7_0:IN_7_3-y,01-01-1970 03:34:35.900,01-01-1970 03:35:09.400
BL,IN_7_0:IN_7_3-y,01-01-1970 01:28:51.100,01-01-1970 01:29:50.900
BL,IN_7_0:IN_7_3-y,01-01-1970 04:22:03.400,01-01-1970 04:23:18.500
BL,IN_7_0:IN_7_3-y,01-01-1970 05:02:11.300,01-01-1970 05:03:07.700
BL,IN_7_0:IN_7_3-y,01-01-1970 11:13:22.800,01-01-1970 11:13:56.500
BL,IN_7_0:IN_7_3-y,01-01-1970 04:20:59.900,01-01-1970 04:21:35.500
BL,IN_7_0:IN_7_3-y,01-01-1970 01:26:38.800,01-01-1970 01:27:35.400
BL,IN_7_0:IN_7_3-y,01-01-1970 03:53:56.600,01-01-1970 03:54:31.600
BL,IN_7_0:IN_7_3-y,01-01-1970 10:14:10.100,01-01-1970 10:14:52.600
BL,IN_7_0:IN_7_3-y,01-01-1970 05:31:09.200,01-01-1970 05:32:09.800
BL,IN_7_0:IN_7_3-y,01-01-1970 01:07:06.800,01-01-1970 01:07:52.500
BL,IN_7_0:IN_7_3-y,01-01-1970 01:17:54.400,01-01-1970 01:18:44.400
BL,IN_7_0:IN_7_3-y,01-01-1970 10:12:55.200,01-01-1970 10:14:14.000
BL,IN_7_0:IN_7_3-y,01-01-1970 05:30:05.500,01-01-1970 05:30:48.600
BL,IN_7_0:IN_7_3-y,01-01-1970 10:13:38.900,01-01-1970 10:14:15.400
BL,IN_7_0:IN_7_3-y,01-01-1970 01:18:54.100,01-01-1970 01:19:28.200
BL,IN_7_0:IN_7_3-y,01-01-1970 01:24:42.300,01-01-1970 01:25:31.900
BL,IN_7_0:IN_7_3-y,01-01-1970 08:44:36.200,01-01-1970 08:45:09.900
BL,IN_7_0:IN_7_3-y,01-01-1970 10:12:22.000,01-01-1970 10:12:55.500
BL,IN_7_0:IN_7_3-y,01-01-1970 05:29:36.400,01-01-1970 05:30:14.200
BL,IN_7_0:IN_7_3-y,01-01-1970 03:11:45.500,01-01-1970 03:12:28.000
BL,IN_7_0:IN_7_3-y,01-01-1970 13:07:48.400,01-01-1970 13:08:26.500
BL,IN_7_0:IN_7_3-y,01-01-1970 05:28:09.000,01-01-1970 05:30:11.000
BL,IN_7_0:IN_7_3-y,01-01-1970 11:41:27.100,01-01-1970 11:42:11.000
BL,IN_7_0:IN_7_3-y,01-01-1970 05:29:01.700,01-01-1970 05:30:12.700
BL,IN_7_0:IN_7_3-y,01-01-1970 03:10:39.500,01-01-1970 03:11:31.400
BL,IN_7_0:IN_7_3-y,01-01-1970 01:20:00.100,01-01-1970 01:20:55.900
BL,IN_7_0:IN_7_3-y,01-01-1970 07:15:48.500,01-01-1970 07:16:31.000
BL,IN_7_0:IN_7_3-y,01-01-1970 03:50:40.000,01-01-1970 03:51:15.300
BL,IN_7_0:IN_7_3-y,01-01-1970 03:09:39.800,01-01-1970 03:10:26.900
BL,IN_7_0:IN_7_3-y,01-01-1970 04:10:01.200,01-01-1970 04:10:49.700
BL,IN_7_0:IN_7_3-y,01-01-1970 09:50:58.700,01-01-1970 09:51:32.400
BL,IN_7_0:IN_7_3-y,01-01-1970 05:17:59.400,01-01-1970 05:18:58.300
BL,IN_7_0:IN_7_3-y,01-01-1970 10:10:27.600,01-01-1970 10:12:08.400
BL,IN_7_0:IN_7_3-y,01-01-1970 10:10:53.500,01-01-1970 10:12:09.900
BL,IN_7_0:IN_7_3-y,01-01-1970 01:11:43.200,01-01-1970 01:12:18.300
BL,IN_7_0:IN_7_3-y,01-01-1970 03:09:03.500,01-01-1970 03:10:25.300
BL,IN_7_0:IN_7_3-y,01-01-1970 04:08:08.000,01-01-1970 04:08:58.300
BL,IN_7_0:IN_7_3-y,01-01-1970 10:12:05.100,01-01-1970 10:12:53.900
BL,IN_7_0:IN_7_3-y,01-01-1970 11:38:30.900,01-01-1970 11:39:04.800
BL,IN_7_0:IN_7_3-y,01-01-1970 04:19:56.200,01-01-1970 04:20:49.900
BL,IN_7_0:IN_7_3-y,01-01-1970 10:09:52.800,01-01-1970 10:12:06.800
BL,IN_7_0:IN_7_3-y,01-01-1970 10:28:43.000,01-01-1970 10:29:50.700
BL,IN_7_0:IN_7_3-y,01-01-1970 01:12:16.400,01-01-1970 01:12:50.300
BL,IN_7_0:IN_7_3-y,01-01-1970 04:07:19.300,01-01-1970 04:08:56.700
BL,IN_7_0:IN_7_3-y,01-01-1970 04:06:39.500,01-01-1970 04:08:55.000
BL,IN_7_0:IN_7_3-y,01-01-1970 10:49:28.000,01-01-1970 10:50:01.400
BL,IN_7_0:IN_7_3-y,01-01-1970 04:46:06.500,01-01-1970 04:46:40.200
BL,IN_7_0:IN_7_3-y,01-01-1970 04:06:13.600,01-01-1970 04:08:53.300
BL,IN_7_0:IN_7_3-y,01-01-1970 10:09:21.600,01-01-1970 10:12:05.200
BL,IN_7_0:IN_7_3-y,01-01-1970 00:14:25.900,01-01-1970 00:14:59.200
BL,IN_7_0:IN_7_3-y,01-01-1970 03:17:31.400,01-01-1970 03:18:27.000
BL,IN_7_0:IN_7_3-y,01-01-1970 01:29:18.500,01-01-1970 01:29:52.300
BL,IN_7_0:IN_7_3-y,01-01-1970 03:06:18.400,01-01-1970 03:07:04.800
BL,IN_7_0:IN_7_3-y,01-01-1970 04:28:13.100,01-01-1970 04:29:07.600
BL,IN_7_0:IN_7_3-y,01-01-1970 06:44:09.200,01-01-1970 06:44:43.100
BL,IN_7_0:IN_7_3-y,01-01-1970 03:17:04.000,01-01-1970 03:18:20.500
BL,IN_7_0:IN_7_3-y,01-01-1970 04:26:50.700,01-01-1970 04:27:27.200
HL,IN_7_0:IN_7_3-y,01-01-1970 12:53:14.300,01-01-1970 12:57:14.300
HL,IN_7_0:IN_7_3-y,01-01-1970 12:58:14.300,01-01-1970 12:59:14.300
HL,IN_7_0:IN_7_3-y,01-01-1970 13:00:14.300,01-01-1970 13:02:14.300
HL,IN_7_0:IN_7_3-y,01-01-1970 13:03:14.300,01-01-1970 13:04:14.300
HL,IN_7_0:IN_7_3-y,01-01-1970 13:05:14.300,01-01-1970 13:08:14.300
BL,IN_6_0:IN_6_3-x,01-01-1970 04:25:49.500,01-01-1970 04:27:02.800
BL,IN_6_0:IN_6_3-x,01-01-1970 00:44:12.400,01-01-1970 00:45:01.000
BL,IN_6_0:IN_6_3-x,01-01-1970 05:15:55.200,01-01-1970 05:17:01.100
BL,IN_6_0:IN_6_3-x,01-01-1970 01:13:36.400,01-01-1970 01:14:18.900
BL,IN_6_0:IN_6_3-x,01-01-1970 04:26:20.700,01-01-1970 04:27:09.900
BL,IN_6_0:IN_6_3-x,01-01-1970 05:15:27.800,01-01-1970 05:16:59.500
BL,IN_6_0:IN_6_3-x,01-01-1970 04:25:05.800,01-01-1970 04:27:01.400
BL,IN_6_0:IN_6_3-x,01-01-1970 06:32:27.700,01-01-1970 06:33:10.300
BL,IN_6_0:IN_6_3-x,01-01-1970 00:46:06.800,01-01-1970 00:46:52.600
BL,IN_6_0:IN_6_3-x,01-01-1970 04:35:07.300,01-01-1970 10:28:06.100
BL,IN_6_0:IN_6_3-x,01-01-1970 00:07:30.200,01-01-1970 00:08:13.100
BL,IN_6_0:IN_6_3-x,01-01-1970 03:05:18.700,01-01-1970 01:29:35.500
BL,IN_6_0:IN_6_3-x,01-01-1970 03:05:48.700,01-01-1970 03:07:06.000
BL,IN_6_0:IN_6_3-x,01-01-1970 10:26:31.300,01-01-1970 10:28:04.600
BL,IN_6_0:IN_6_3-x,01-01-1970 04:22:03.400,01-01-1970 04:34:10.700
BL,IN_6_0:IN_6_3-x,01-01-1970 04:32:27.800,01-01-1970 04:44:54.800
BL,IN_6_0:IN_6_3-x,01-01-1970 10:25:59.000,01-01-1970 10:28:03.000
BL,IN_6_0:IN_6_3-x,01-01-1970 01:28:14.800,01-01-1970 01:29:22.900
BL,IN_6_0:IN_6_3-x,01-01-1970 04:43:59.000,01-01-1970 04:45:04.500
BL,IN_6_0:IN_6_3-x,01-01-1970 10:25:31.600,01-01-1970 10:28:01.300
BL,IN_6_0:IN_6_3-x,01-01-1970 01:17:18.100,01-01-1970 01:18:44.300
BL,IN_6_0:IN_6_3-x,01-01-1970 04:42:36.600,01-01-1970 04:44:53.300
BL,IN_6_0:IN_6_3-x,01-01-1970 03:14:56.800,01-01-1970 03:16:06.400
BL,IN_6_0:IN_6_3-x,01-01-1970 04:21:32.200,01-01-1970 04:22:37.700
BL,IN_6_0:IN_6_3-x,01-01-1970 05:31:09.200,01-01-1970 05:31:56.700
BL,IN_6_0:IN_6_3-x,01-01-1970 01:27:15.100,01-01-1970 01:28:02.000
BL,IN_6_0:IN_6_3-x,01-01-1970 01:18:21.800,01-01-1970 01:19:15.000
BL,IN_6_0:IN_6_3-x,01-01-1970 01:26:09.700,01-01-1970 01:27:35.300
BL,IN_6_0:IN_6_3-x,01-01-1970 01:17:54.400,01-01-1970 01:19:11.000
BL,IN_6_0:IN_6_3-x,01-01-1970 10:12:55.200,01-01-1970 10:13:53.800
BL,IN_6_0:IN_6_3-x,01-01-1970 00:18:58.100,01-01-1970 00:19:41.700
BL,IN_6_0:IN_6_3-x,01-01-1970 05:30:41.800,01-01-1970 05:31:52.200
BL,IN_6_0:IN_6_3-x,01-01-1970 10:24:24.100,01-01-1970 10:25:06.700
BL,IN_6_0:IN_6_3-x,01-01-1970 01:26:38.800,01-01-1970 01:28:00.500
BL,IN_6_0:IN_6_3-x,01-01-1970 03:14:13.100,01-01-1970 03:16:04.900
BL,IN_6_0:IN_6_3-x,01-01-1970 01:24:12.600,01-01-1970 01:25:03.600
BL,IN_6_0:IN_6_3-x,01-01-1970 05:02:11.300,01-01-1970 05:02:54.700
BL,IN_6_0:IN_6_3-x,01-01-1970 13:07:48.400,01-01-1970 13:08:45.400
BL,IN_6_0:IN_6_3-x,01-01-1970 01:19:25.300,01-01-1970 01:20:32.800
BL,IN_6_0:IN_6_3-x,01-01-1970 00:09:05.100,01-01-1970 00:09:47.600
BL,IN_6_0:IN_6_3-x,01-01-1970 06:39:51.900,01-01-1970 06:40:34.500
BL,IN_6_0:IN_6_3-x,01-01-1970 05:29:01.700,01-01-1970 05:30:35.500
BL,IN_6_0:IN_6_3-x,01-01-1970 03:11:10.700,01-01-1970 03:12:13.300
BL,IN_6_0:IN_6_3-x,01-01-1970 09:51:28.700,01-01-1970 09:52:11.200
BL,IN_6_0:IN_6_3-x,01-01-1970 01:10:14.700,01-01-1970 01:12:18.300
BL,IN_6_0:IN_6_3-x,01-01-1970 05:28:09.000,01-01-1970 05:30:30.600
BL,IN_6_0:IN_6_3-x,01-01-1970 13:07:22.500,01-01-1970 13:08:43.900
BL,IN_6_0:IN_6_3-x,01-01-1970 05:27:39.300,01-01-1970 05:30:28.900
BL,IN_6_0:IN_6_3-x,01-01-1970 04:59:47.700,01-01-1970 05:01:07.500
BL,IN_6_0:IN_6_3-x,01-01-1970 01:10:54.500,01-01-1970 01:12:19.900
BL,IN_6_0:IN_6_3-x,01-01-1970 03:10:07.200,01-01-1970 03:11:16.600
BL,IN_6_0:IN_6_3-x,01-01-1970 05:00:18.900,01-01-1970 05:01:18.200
BL,IN_6_0:IN_6_3-x,01-01-1970 05:27:09.300,01-01-1970 05:30:27.400
BL,IN_6_0:IN_6_3-x,01-01-1970 13:06:16.500,01-01-1970 13:08:29.600
BL,IN_6_0:IN_6_3-x,01-01-1970 13:06:47.700,01-01-1970 13:08:31.300
BL,IN_6_0:IN_6_3-x,01-01-1970 03:09:03.500,01-01-1970 03:10:26.500
BL,IN_6_0:IN_6_3-x,01-01-1970 06:47:16.100,01-01-1970 06:47:58.600
BL,IN_6_0:IN_6_3-x,01-01-1970 03:09:39.800,01-01-1970 03:10:27.900
BL,IN_6_0:IN_6_3-x,01-01-1970 03:20:13.400,01-01-1970 01:12:37.200
BL,IN_6_0:IN_6_3-x,01-01-1970 04:19:25.000,01-01-1970 04:20:52.100
BL,IN_6_0:IN_6_3-x,01-01-1970 04:19:56.200,01-01-1970 04:21:06.600
BL,IN_6_0:IN_6_3-x,01-01-1970 10:09:52.800,01-01-1970 10:12:27.000
BL,IN_6_0:IN_6_3-x,01-01-1970 01:13:00.100,01-01-1970 01:14:03.900
BL,IN_6_0:IN_6_3-x,01-01-1970 10:28:43.000,01-01-1970 10:29:34.700
BL,IN_6_0:IN_6_3-x,01-01-1970 03:08:14.900,01-01-1970 03:10:25.100
BL,IN_6_0:IN_6_3-x,01-01-1970 04:18:52.700,01-01-1970 04:20:50.400
BL,IN_6_0:IN_6_3-x,01-01-1970 10:40:25.100,01-01-1970 10:41:08.200
BL,IN_6_0:IN_6_3-x,01-01-1970 10:10:27.600,01-01-1970 10:12:33.400
BL,IN_6_0:IN_6_3-x,01-01-1970 04:06:39.500,01-01-1970 04:09:09.500
BL,IN_6_0:IN_6_3-x,01-01-1970 04:05:38.800,01-01-1970 04:08:58.400
BL,IN_6_0:IN_6_3-x,01-01-1970 10:09:21.600,01-01-1970 10:12:25.400
BL,IN_6_0:IN_6_3-x,01-01-1970 04:06:13.600,01-01-1970 04:09:08.100
BL,IN_6_0:IN_6_3-x,01-01-1970 05:17:33.500,01-01-1970 05:18:38.800
BL,IN_6_0:IN_6_3-x,01-01-1970 03:06:18.400,01-01-1970 03:07:07.500
BL,IN_6_0:IN_6_3-x,01-01-1970 04:45:39.100,01-01-1970 04:46:26.900
BL,IN_6_0:IN_6_3-x,01-01-1970 05:17:59.400,01-01-1970 05:18:45.000
BL,IN_6_0:IN_6_3-x,01-01-1970 04:05:07.600,01-01-1970 04:08:54.100
BL,IN_6_0:IN_6_3-x,01-01-1970 10:08:49.300,01-01-1970 10:12:05.100
BL,IN_6_0:IN_6_3-x,01-01-1970 01:39:22.200,01-01-1970 01:40:07.300
BL,IN_6_0:IN_6_3-x,01-01-1970 00:43:37.600,01-01-1970 00:44:48.800
BL,IN_6_0:IN_6_3-x,01-01-1970 03:17:04.000,01-01-1970 03:18:05.900
HL,IN_6_0:IN_6_3-x,01-01-1970 09:08:33.300,01-01-1970 09:12:33.300
HL,IN_6_0:IN_6_3-x,01-01-1970 09:13:33.300,01-01-1970 09:15:33.300
HL,IN_6_0:IN_6_3-x,01-01-1970 09:16:33.300,01-01-1970 09:22:33.300
HL,IN_6_0:IN_6_3-x,01-01-1970 09:23:33.300,01-01-1970 09:24:33.300
HL,IN_6_0:IN_6_3-x,01-01-1970 09:25:33.300,01-01-1970 09:29:33.300
HL,IN_6_0:IN_6_3-x,01-01-1970 09:31:33.300,01-01-1970 09:35:33.300
HL,IN_6_0:IN_6_3-x,01-01-1970 09:36:33.300,01-01-1970 09:39:33.300
HL,IN_6_0:IN_6_3-x,01-01-1970 09:40:33.300,01-01-1970 09:42:33.300
HL,IN_6_0:IN_6_3-x,01-01-1970 09:43:33.300,01-01-1970 09:48:33.300
HL,IN_6_0:IN_6_3-x,01-01-1970 09:49:33.300,01-01-1970 09:51:33.300
HL,IN_6_0:IN_6_3-x,01-01-1970 09:52:33.300,01-01-1970 09:55:33.300
HL,IN_6_0:IN_6_3-x,01-01-1970 09:56:33.300,01-01-1970 10:03:33.300
HL,IN_6_0:IN_6_3-x,01-01-1970 10:04:33.300,01-01-1970 10:05:33.300
HL,IN_6_0:IN_6_3-x,01-01-1970 10:06:33.300,01-01-1970 10:10:33.300
HL,IN_6_0:IN_6_3-x,01-01-1970 10:11:33.300,01-01-1970 10:12:33.300
HL,IN_6_0:IN_6_3-x,01-01-1970 10:13:33.300,01-01-1970 10:15:33.300
HL,IN_6_0:IN_6_3-x,01-01-1970 10:16:33.300,01-01-1970 10:21:33.300
HL,IN_6_0:IN_6_3-x,01-01-1970 10:22:33.300,01-01-1970 10:26:33.300
HL,IN_6_0:IN_6_3-x,01-01-1970 10:27:33.300,01-01-1970 10:29:33.300
HL,IN_6_0:IN_6_3-x,01-01-1970 10:30:33.300,01-01-1970 10:33:33.300
HL,IN_6_0:IN_6_3-x,01-01-1970 10:34:33.300,01-01-1970 10:35:33.300
HL,IN_6_0:IN_6_3-x,01-01-1970 10:36:33.300,01-01-1970 10:42:33.300
HL,IN_6_0:IN_6_3-x,01-01-1970 10:43:33.300,01-01-1970 10:46:33.300
HL,IN_6_0:IN_6_3-x,01-01-1970 10:47:33.300,01-01-1970 10:50:33.300
HL,IN_6_0:IN_6_3-x,01-01-1970 10:51:33.300,01-01-1970 10:53:33.300
HL,IN_6_0:IN_6_3-x,01-01-1970 10:54:33.300,01-01-1970 10:58:33.300
HL,IN_6_0:IN_6_3-x,01-01-1970 10:59:33.300,01-01-1970 11:05:33.300
HL,IN_6_0:IN_6_3-x,01-01-1970 11:07:33.300,01-01-1970 11:10:33.300
HL,IN_6_0:IN_6_3-x,01-01-1970 11:11:33.300,01-01-1970 11:14:33.300
HL,IN_6_0:IN_6_3-x,01-01-1970 11:15:33.300,01-01-1970 11:18:33.300
HL,IN_6_0:IN_6_3-x,01-01-1970 11:19:33.300,01-01-1970 11:24:33.300
HL,IN_6_0:IN_6_3-x,01-01-1970 11:25:33.300,01-01-1970 11:28:33.300
HL,IN_6_0:IN_6_3-x,01-01-1970 11:29:33.300,01-01-1970 11:35:33.300
HL,IN_6_0:IN_6_3-x,01-01-1970 11:36:33.300,01-01-1970 11:39:33.300
HL,IN_6_0:IN_6_3-x,01-01-1970 11:40:33.300,01-01-1970 11:42:33.300
HL,IN_6_0:IN_6_3-x,01-01-1970 11:43:33.300,01-01-1970 11:45:33.300
HL,IN_6_0:IN_6_3-x,01-01-1970 11:46:33.300,01-01-1970 11:49:33.300
HL,IN_6_0:IN_6_3-x,01-01-1970 11:50:33.300,01-01-1970 11:53:33.300
HL,IN_6_0:IN_6_3-x,01-01-1970 11:54:33.300,01-01-1970 12:01:33.300
HL,IN_6_0:IN_6_3-x,01-01-1970 12:02:33.300,01-01-1970 12:04:33.300
HL,IN_6_0:IN_6_3-x,01-01-1970 12:05:33.300,01-01-1970 12:10:33.300
HL,IN_6_0:IN_6_3-x,01-01-1970 12:11:33.300,01-01-1970 12:12:33.300
HL,IN_6_0:IN_6_3-x,01-01-1970 12:13:33.300,01-01-1970 12:20:33.300
HL,IN_6_0:IN_6_3-x,01-01-1970 12:21:33.300,01-01-1970 12:24:33.300
HL,IN_6_0:IN_6_3-x,01-01-1970 12:25:33.300,01-01-1970 12:28:33.300
HL,IN_6_0:IN_6_3-x,01-01-1970 12:29:33.300,01-01-1970 12:33:33.300
HL,IN_6_0:IN_6_3-x,01-01-1970 12:34:33.300,01-01-1970 12:35:33.300
HL,IN_6_0:IN_6_3-x,01-01-1970 12:36:33.300,01-01-1970 12:40:33.300
HL,IN_6_0:IN_6_3-x,01-01-1970 12:41:33.300,01-01-1970 12:43:33.300
HL,IN_6_0:IN_6_3-x,01-01-1970 12:44:33.300,01-01-1970 12:47:33.300
HL,IN_6_0:IN_6_3-x,01-01-1970 12:48:33.300,01-01-1970 12:52:33.300
HL,IN_6_0:IN_6_3-x,01-01-1970 12:53:33.300,01-01-1970 12:54:33.300
HL,IN_6_0:IN_6_3-x,01-01-1970 12:55:33.300,01-01-1970 12:58:33.300
HL,IN_6_0:IN_6_3-x,01-01-1970 12:59:33.300,01-01-1970 13:01:33.300
HL,IN_6_0:IN_6_3-x,01-01-1970 13:02:33.300,01-01-1970 13:03:33.300
HL,IN_6_0:IN_6_3-x,01-01-1970 13:04:33.300,01-01-1970 13:08:33.300
HL,IN_3_0:IN_3_3-x,01-01-1970 09:54:02.000,01-01-1970 09:55:02.000
HL,y-S2_0:z-x,01-01-1970 09:40:46.000,01-01-1970 09:41:46.000
HL,y-S2_0:z-x,01-01-1970 09:44:46.000,01-01-1970 09:45:46.000
HL,y-S2_0:z-x,01-01-1970 10:06:46.000,01-01-1970 10:07:46.000
HL,y-S2_0:z-x,01-01-1970 10:12:46.000,01-01-1970 10:14:46.000
HL,y-S2_0:z-x,01-01-1970 10:29:46.000,01-01-1970 10:30:46.000
HL,y-S2_0:z-x,01-01-1970 10:45:46.000,01-01-1970 10:46:46.000
HL,y-S2_0:z-x,01-01-1970 12:28:46.000,01-01-1970 12:29:46.000
HL,IN_1_0:IN_1_3-x,01-01-1970 03:36:28.300,01-01-1970 03:44:28.300
HL,IN_1_0:IN_1_3-x,01-01-1970 03:46:28.300,01-01-1970 03:51:28.300
HL,IN_1_0:IN_1_3-x,01-01-1970 03:52:28.300,01-01-1970 03:54:28.300
HL,IN_1_0:IN_1_3-x,01-01-1970 03:55:28.300,01-01-1970 04:01:28.300
HL,IN_1_0:IN_1_3-x,01-01-1970 04:03:28.300,01-01-1970 04:06:28.300
HL,IN_1_0:IN_1_3-x,01-01-1970 04:08:28.300,01-01-1970 04:09:28.300
HL,IN_1_0:IN_1_3-x,01-01-1970 04:10:28.300,01-01-1970 04:16:28.300
HL,IN_1_0:IN_1_3-x,01-01-1970 04:17:28.300,01-01-1970 04:19:28.300
HL,IN_1_0:IN_1_3-x,01-01-1970 04:20:28.300,01-01-1970 04:23:28.300
HL,IN_1_0:IN_1_3-x,01-01-1970 04:24:28.300,01-01-1970 04:27:28.300
HL,IN_1_0:IN_1_3-x,01-01-1970 04:28:28.300,01-01-1970 04:32:28.300
HL,IN_1_0:IN_1_3-x,01-01-1970 04:33:28.300,01-01-1970 04:38:28.300
HL,IN_1_0:IN_1_3-x,01-01-1970 04:39:28.300,01-01-1970 04:40:28.300
HL,IN_1_0:IN_1_3-x,01-01-1970 04:41:28.300,01-01-1970 04:43:28.300
HL,IN_1_0:IN_1_3-x,01-01-1970 04:44:28.300,01-01-1970 04:48:28.300
HL,IN_1_0:IN_1_3-x,01-01-1970 04:49:28.300,01-01-1970 04:52:28.300
HL,IN_1_0:IN_1_3-x,01-01-1970 04:54:28.300,01-01-1970 04:57:28.300
HL,IN_1_0:IN_1_3-x,01-01-1970 04:58:28.300,01-01-1970 05:01:28.300
HL,IN_1_0:IN_1_3-x,01-01-1970 05:02:28.300,01-01-1970 05:05:28.300
HL,IN_1_0:IN_1_3-x,01-01-1970 05:06:28.300,01-01-1970 05:12:28.300
HL,IN_1_0:IN_1_3-x,01-01-1970 05:13:28.300,01-01-1970 05:15:28.300
HL,IN_1_0:IN_1_3-x,01-01-1970 05:17:28.300,01-01-1970 05:19:28.300
HL,IN_1_0:IN_1_3-x,01-01-1970 05:20:28.300,01-01-1970 05:23:28.300
HL,IN_1_0:IN_1_3-x,01-01-1970 05:24:28.300,01-01-1970 05:25:28.300
HL,IN_1_0:IN_1_3-x,01-01-1970 05:26:28.300,01-01-1970 05:28:28.300
HL,IN_1_0:IN_1_3-x,01-01-1970 05:29:28.300,01-01-1970 05:33:28.300
HL,IN_1_0:IN_1_3-x,01-01-1970 05:34:28.300,01-01-1970 05:35:28.300
HL,IN_1_0:IN_1_3-x,01-01-1970 05:36:28.300,01-01-1970 05:43:28.300
HL,IN_1_0:IN_1_3-x,01-01-1970 05:44:28.300,01-01-1970 05:45:28.300
HL,IN_1_0:IN_1_3-x,01-01-1970 05:46:28.300,01-01-1970 05:47:28.300
HL,IN_1_0:IN_1_3-x,01-01-1970 05:48:28.300,01-01-1970 05:52:28.300
HL,IN_1_0:IN_1_3-x,01-01-1970 05:53:28.300,01-01-1970 05:54:28.300
HL,IN_1_0:IN_1_3-x,01-01-1970 05:55:28.300,01-01-1970 06:01:28.300
HL,IN_1_0:IN_1_3-x,01-01-1970 06:02:28.300,01-01-1970 06:04:28.300
HL,IN_1_0:IN_1_3-x,01-01-1970 06:05:28.300,01-01-1970 06:12:28.300
HL,IN_1_0:IN_1_3-x,01-01-1970 06:13:28.300,01-01-1970 06:16:28.300
HL,IN_1_0:IN_1_3-x,01-01-1970 06:17:28.300,01-01-1970 06:20:28.300
HL,IN_1_0:IN_1_3-x,01-01-1970 06:21:28.300,01-01-1970 06:23:28.300
HL,IN_1_0:IN_1_3-x,01-01-1970 06:24:28.300,01-01-1970 06:27:28.300
HL,IN_1_0:IN_1_3-x,01-01-1970 06:28:28.300,01-01-1970 06:32:28.300
HL,IN_1_0:IN_1_3-x,01-01-1970 06:33:28.300,01-01-1970 06:35:28.300
HL,IN_1_0:IN_1_3-x,01-01-1970 06:36:28.300,01-01-1970 06:41:28.300
HL,IN_1_0:IN_1_3-x,01-01-1970 06:42:28.300,01-01-1970 06:43:28.300
HL,IN_1_0:IN_1_3-x,01-01-1970 06:44:28.300,01-01-1970 06:49:28.300
HL,IN_1_0:IN_1_3-x,01-01-1970 06:50:28.300,01-01-1970 06:56:28.300
HL,IN_1_0:IN_1_3-x,01-01-1970 06:57:28.300,01-01-1970 06:59:28.300
HL,IN_1_0:IN_1_3-x,01-01-1970 07:00:28.300,01-01-1970 07:06:28.300
HL,IN_1_0:IN_1_3-x,01-01-1970 07:07:28.300,01-01-1970 07:10:28.300
HL,IN_1_0:IN_1_3-x,01-01-1970 07:11:28.300,01-01-1970 07:13:28.300
HL,IN_1_0:IN_1_3-x,01-01-1970 07:14:28.300,01-01-1970 07:17:28.300
HL,IN_1_0:IN_1_3-x,01-01-1970 07:18:28.300,01-01-1970 07:19:28.300
HL,IN_1_0:IN_1_3-x,01-01-1970 07:20:28.300,01-01-1970 07:23:28.300
HL,IN_1_0:IN_1_3-x,01-01-1970 07:24:28.300,01-01-1970 07:28:28.300
HL,IN_1_0:IN_1_3-x,01-01-1970 07:29:28.300,01-01-1970 07:33:28.300
HL,IN_1_0:IN_1_3-x,01-01-1970 07:34:28.300,01-01-1970 07:36:28.300
HL,IN_1_0:IN_1_3-x,01-01-1970 07:37:28.300,01-01-1970 07:41:28.300
HL,IN_1_0:IN_1_3-x,01-01-1970 07:42:28.300,01-01-1970 07:45:28.300
HL,IN_1_0:IN_1_3-x,01-01-1970 07:46:28.300,01-01-1970 07:48:28.300
HL,IN_1_0:IN_1_3-x,01-01-1970 07:49:28.300,01-01-1970 07:54:28.300
HL,IN_1_0:IN_1_3-x,01-01-1970 07:55:28.300,01-01-1970 07:57:28.300
HL,IN_1_0:IN_1_3-x,01-01-1970 07:58:28.300,01-01-1970 08:00:28.300
HL,IN_1_0:IN_1_3-x,01-01-1970 08:01:28.300,01-01-1970 08:04:28.300
HL,IN_1_0:IN_1_3-x,01-01-1970 08:05:28.300,01-01-1970 08:06:28.300
HL,IN_1_0:IN_1_3-x,01-01-1970 08:07:28.300,01-01-1970 08:10:28.300
HL,IN_1_0:IN_1_3-x,01-01-1970 08:11:28.300,01-01-1970 08:18:28.300
HL,IN_1_0:IN_1_3-x,01-01-1970 08:20:28.300,01-01-1970 08:23:28.300
HL,IN_1_0:IN_1_3-x,01-01-1970 08:24:28.300,01-01-1970 08:27:28.300
HL,IN_1_0:IN_1_3-x,01-01-1970 08:28:28.300,01-01-1970 08:29:28.300
HL,IN_1_0:IN_1_3-x,01-01-1970 08:30:28.300,01-01-1970 08:35:28.300
HL,IN_1_0:IN_1_3-x,01-01-1970 08:36:28.300,01-01-1970 08:41:28.300
HL,IN_1_0:IN_1_3-x,01-01-1970 08:42:28.300,01-01-1970 08:43:28.300
HL,IN_1_0:IN_1_3-x,01-01-1970 08:44:28.300,01-01-1970 08:45:28.300
HL,IN_1_0:IN_1_3-x,01-01-1970 08:46:28.300,01-01-1970 08:50:28.300
HL,IN_1_0:IN_1_3-x,01-01-1970 08:51:28.300,01-01-1970 08:52:28.300
HL,IN_1_0:IN_1_3-x,01-01-1970 08:53:28.300,01-01-1970 08:57:28.300
HL,IN_1_0:IN_1_3-x,01-01-1970 08:58:28.300,01-01-1970 09:01:28.300
HL,IN_1_0:IN_1_3-x,01-01-1970 09:02:28.300,01-01-1970 09:05:28.300
HL,IN_1_0:IN_1_3-x,01-01-1970 09:06:28.300,01-01-1970 09:12:28.300
HL,IN_1_0:IN_1_3-x,01-01-1970 09:13:28.300,01-01-1970 09:14:28.300
HL,IN_1_0:IN_1_3-x,01-01-1970 09:15:28.300,01-01-1970 09:21:28.300
HL,IN_1_0:IN_1_3-x,01-01-1970 09:22:28.300,01-01-1970 09:24:28.300
HL,IN_1_0:IN_1_3-x,01-01-1970 09:25:28.300,01-01-1970 09:28:28.300
HL,IN_1_0:IN_1_3-x,01-01-1970 09:29:28.300,01-01-1970 09:30:28.300
HL,IN_1_0:IN_1_3-x,01-01-1970 09:31:28.300,01-01-1970 09:35:28.300
HL,IN_1_0:IN_1_3-x,01-01-1970 09:36:28.300,01-01-1970 09:37:28.300
HL,IN_1_0:IN_1_3-x,01-01-1970 09:38:28.300,01-01-1970 09:41:28.300
HL,IN_1_0:IN_1_3-x,01-01-1970 09:42:28.300,01-01-1970 09:48:28.300
HL,IN_1_0:IN_1_3-x,01-01-1970 09:49:28.300,01-01-1970 09:50:28.300
HL,IN_1_0:IN_1_3-x,01-01-1970 09:51:28.300,01-01-1970 09:53:28.300
HL,IN_1_0:IN_1_3-x,01-01-1970 09:54:28.300,01-01-1970 10:01:28.300
HL,IN_1_0:IN_1_3-x,01-01-1970 10:02:28.300,01-01-1970 10:04:28.300
HL,IN_1_0:IN_1_3-x,01-01-1970 10:05:28.300,01-01-1970 10:09:28.300
HL,IN_1_0:IN_1_3-x,01-01-1970 10:11:28.300,01-01-1970 10:12:28.300
HL,IN_1_0:IN_1_3-x,01-01-1970 10:13:28.300,01-01-1970 10:15:28.300
HL,IN_1_0:IN_1_3-x,01-01-1970 10:16:28.300,01-01-1970 10:21:28.300
HL,IN_1_0:IN_1_3-x,01-01-1970 10:22:28.300,01-01-1970 10:24:28.300
HL,IN_1_0:IN_1_3-x,01-01-1970 10:25:28.300,01-01-1970 10:28:28.300
HL,IN_1_0:IN_1_3-x,01-01-1970 10:29:28.300,01-01-1970 10:32:28.300
HL,IN_1_0:IN_1_3-x,01-01-1970 10:33:28.300,01-01-1970 10:35:28.300
HL,IN_1_0:IN_1_3-x,01-01-1970 10:36:28.300,01-01-1970 10:40:28.300
HL,IN_1_0:IN_1_3-x,01-01-1970 10:41:28.300,01-01-1970 10:46:28.300
HL,IN_1_0:IN_1_3-x,01-01-1970 10:47:28.300,01-01-1970 10:49:28.300
HL,IN_1_0:IN_1_3-x,01-01-1970 10:50:28.300,01-01-1970 10:53:28.300
HL,IN_1_0:IN_1_3-x,01-01-1970 10:54:28.300,01-01-1970 10:58:28.300
HL,IN_1_0:IN_1_3-x,01-01-1970 10:59:28.300,01-01-1970 11:03:28.300
HL,IN_1_0:IN_1_3-x,01-01-1970 11:04:28.300,01-01-1970 11:06:28.300
HL,IN_1_0:IN_1_3-x,01-01-1970 11:07:28.300,01-01-1970 11:10:28.300
HL,IN_1_0:IN_1_3-x,01-01-1970 11:11:28.300,01-01-1970 11:14:28.300
HL,IN_1_0:IN_1_3-x,01-01-1970 11:15:28.300,01-01-1970 11:18:28.300
HL,IN_1_0:IN_1_3-x,01-01-1970 11:19:28.300,01-01-1970 11:24:28.300
HL,IN_1_0:IN_1_3-x,01-01-1970 11:25:28.300,01-01-1970 11:28:28.300
HL,IN_1_0:IN_1_3-x,01-01-1970 11:29:28.300,01-01-1970 11:35:28.300
HL,IN_1_0:IN_1_3-x,01-01-1970 11:36:28.300,01-01-1970 11:37:28.300
HL,IN_1_0:IN_1_3-x,01-01-1970 11:38:28.300,01-01-1970 11:41:28.300
HL,IN_1_0:IN_1_3-x,01-01-1970 11:42:28.300,01-01-1970 11:45:28.300
HL,IN_1_0:IN_1_3-x,01-01-1970 11:46:28.300,01-01-1970 11:49:28.300
HL,IN_1_0:IN_1_3-x,01-01-1970 11:50:28.300,01-01-1970 11:52:28.300
HL,IN_1_0:IN_1_3-x,01-01-1970 11:53:28.300,01-01-1970 11:59:28.300
HL,IN_1_0:IN_1_3-x,01-01-1970 12:00:28.300,01-01-1970 12:03:28.300
HL,IN_1_0:IN_1_3-x,01-01-1970 12:04:28.300,01-01-1970 12:10:28.300
HL,IN_1_0:IN_1_3-x,01-01-1970 12:11:28.300,01-01-1970 12:12:28.300
HL,IN_1_0:IN_1_3-x,01-01-1970 12:13:28.300,01-01-1970 12:19:28.300
HL,IN_1_0:IN_1_3-x,01-01-1970 12:20:28.300,01-01-1970 12:24:28.300
HL,IN_1_0:IN_1_3-x,01-01-1970 12:25:28.300,01-01-1970 12:28:28.300
HL,IN_1_0:IN_1_3-x,01-01-1970 12:29:28.300,01-01-1970 12:31:28.300
HL,IN_1_0:IN_1_3-x,01-01-1970 12:32:28.300,01-01-1970 12:35:28.300
HL,IN_1_0:IN_1_3-x,01-01-1970 12:36:28.300,01-01-1970 12:40:28.300
HL,IN_1_0:IN_1_3-x,01-01-1970 12:41:28.300,01-01-1970 12:43:28.300
HL,IN_1_0:IN_1_3-x,01-01-1970 12:44:28.300,01-01-1970 12:46:28.300
HL,IN_1_0:IN_1_3-x,01-01-1970 12:47:28.300,01-01-1970 12:52:28.300
HL,IN_1_0:IN_1_3-x,01-01-1970 12:54:28.300,01-01-1970 12:58:28.300
HL,IN_1_0:IN_1_3-x,01-01-1970 12:59:28.300,01-01-1970 13:01:28.300
HL,IN_1_0:IN_1_3-x,01-01-1970 13:02:28.300,01-01-1970 13:03:28.300
HL,IN_1_0:IN_1_3-x,01-01-1970 13:04:28.300,01-01-1970 13:08:28.300
HL,IN_2_0:IN_2_3-x,01-01-1970 05:53:41.200,01-01-1970 05:57:41.200
HL,IN_2_0:IN_2_3-x,01-01-1970 05:58:41.200,01-01-1970 06:03:41.200
HL,IN_2_0:IN_2_3-x,01-01-1970 06:04:41.200,01-01-1970 06:07:41.200
HL,IN_2_0:IN_2_3-x,01-01-1970 06:08:41.200,01-01-1970 06:15:41.200
HL,IN_2_0:IN_2_3-x,01-01-1970 06:16:41.200,01-01-1970 06:17:41.200
HL,IN_2_0:IN_2_3-x,01-01-1970 06:18:41.200,01-01-1970 06:22:41.200
HL,IN_2_0:IN_2_3-x,01-01-1970 06:23:41.200,01-01-1970 06:26:41.200
HL,IN_2_0:IN_2_3-x,01-01-1970 06:27:41.200,01-01-1970 06:28:41.200
HL,IN_2_0:IN_2_3-x,01-01-1970 06:29:41.200,01-01-1970 06:34:41.200
HL,IN_2_0:IN_2_3-x,01-01-1970 06:36:41.200,01-01-1970 06:41:41.200
HL,IN_2_0:IN_2_3-x,01-01-1970 06:42:41.200,01-01-1970 06:45:41.200
HL,IN_2_0:IN_2_3-x,01-01-1970 06:46:41.200,01-01-1970 06:51:41.200
HL,IN_2_0:IN_2_3-x,01-01-1970 06:52:41.200,01-01-1970 06:57:41.200
HL,IN_2_0:IN_2_3-x,01-01-1970 06:58:41.200,01-01-1970 07:02:41.200
HL,IN_2_0:IN_2_3-x,01-01-1970 07:03:41.200,01-01-1970 07:09:41.200
HL,IN_2_0:IN_2_3-x,01-01-1970 07:10:41.200,01-01-1970 07:11:41.200
HL,IN_2_0:IN_2_3-x,01-01-1970 07:12:41.200,01-01-1970 07:13:41.200
HL,IN_2_0:IN_2_3-x,01-01-1970 07:14:41.200,01-01-1970 07:18:41.200
HL,IN_2_0:IN_2_3-x,01-01-1970 07:19:41.200,01-01-1970 07:22:41.200
HL,IN_2_0:IN_2_3-x,01-01-1970 07:23:41.200,01-01-1970 07:26:41.200
HL,IN_2_0:IN_2_3-x,01-01-1970 07:27:41.200,01-01-1970 07:29:41.200
HL,IN_2_0:IN_2_3-x,01-01-1970 07:30:41.200,01-01-1970 07:33:41.200
HL,IN_2_0:IN_2_3-x,01-01-1970 07:34:41.200,01-01-1970 07:40:41.200
HL,IN_2_0:IN_2_3-x,01-01-1970 07:41:41.200,01-01-1970 07:42:41.200
HL,IN_2_0:IN_2_3-x,01-01-1970 07:43:41.200,01-01-1970 07:47:41.200
HL,IN_2_0:IN_2_3-x,01-01-1970 07:48:41.200,01-01-1970 07:50:41.200
HL,IN_2_0:IN_2_3-x,01-01-1970 07:51:41.200,01-01-1970 07:56:41.200
HL,IN_2_0:IN_2_3-x,01-01-1970 07:58:41.200,01-01-1970 08:00:41.200
HL,IN_2_0:IN_2_3-x,01-01-1970 08:01:41.200,01-01-1970 08:04:41.200
HL,IN_2_0:IN_2_3-x,01-01-1970 08:05:41.200,01-01-1970 08:09:41.200
HL,IN_2_0:IN_2_3-x,01-01-1970 08:10:41.200,01-01-1970 08:11:41.200
HL,IN_2_0:IN_2_3-x,01-01-1970 08:12:41.200,01-01-1970 08:18:41.200
HL,IN_2_0:IN_2_3-x,01-01-1970 08:19:41.200,01-01-1970 08:22:41.200
HL,IN_2_0:IN_2_3-x,01-01-1970 08:23:41.200,01-01-1970 08:24:41.200
HL,IN_2_0:IN_2_3-x,01-01-1970 08:25:41.200,01-01-1970 08:27:41.200
HL,IN_2_0:IN_2_3-x,01-01-1970 08:28:41.200,01-01-1970 08:29:41.200
HL,IN_2_0:IN_2_3-x,01-01-1970 08:30:41.200,01-01-1970 08:37:41.200
HL,IN_2_0:IN_2_3-x,01-01-1970 08:38:41.200,01-01-1970 08:41:41.200
HL,IN_2_0:IN_2_3-x,01-01-1970 08:42:41.200,01-01-1970 08:45:41.200
HL,IN_2_0:IN_2_3-x,01-01-1970 08:46:41.200,01-01-1970 08:47:41.200
HL,IN_2_0:IN_2_3-x,01-01-1970 08:48:41.200,01-01-1970 08:51:41.200
HL,IN_2_0:IN_2_3-x,01-01-1970 08:52:41.200,01-01-1970 08:53:41.200
HL,IN_2_0:IN_2_3-x,01-01-1970 08:54:41.200,01-01-1970 08:59:41.200
HL,IN_2_0:IN_2_3-x,01-01-1970 09:00:41.200,01-01-1970 09:02:41.200
HL,IN_2_0:IN_2_3-x,01-01-1970 09:03:41.200,01-01-1970 09:08:41.200
HL,IN_2_0:IN_2_3-x,01-01-1970 09:09:41.200,01-01-1970 09:12:41.200
HL,IN_2_0:IN_2_3-x,01-01-1970 09:13:41.200,01-01-1970 09:17:41.200
HL,IN_2_0:IN_2_3-x,01-01-1970 09:18:41.200,01-01-1970 09:23:41.200
HL,IN_2_0:IN_2_3-x,01-01-1970 09:24:41.200,01-01-1970 09:25:41.200
HL,IN_2_0:IN_2_3-x,01-01-1970 09:26:41.200,01-01-1970 09:29:41.200
HL,IN_2_0:IN_2_3-x,01-01-1970 09:30:41.200,01-01-1970 09:31:41.200
HL,IN_2_0:IN_2_3-x,01-01-1970 09:32:41.200,01-01-1970 09:35:41.200
HL,IN_2_0:IN_2_3-x,01-01-1970 09:36:41.200,01-01-1970 09:39:41.200
HL,IN_2_0:IN_2_3-x,01-01-1970 09:40:41.200,01-01-1970 09:45:41.200
HL,IN_2_0:IN_2_3-x,01-01-1970 09:46:41.200,01-01-1970 09:48:41.200
HL,IN_2_0:IN_2_3-x,01-01-1970 09:49:41.200,01-01-1970 09:51:41.200
HL,IN_2_0:IN_2_3-x,01-01-1970 09:52:41.200,01-01-1970 09:58:41.200
HL,IN_2_0:IN_2_3-x,01-01-1970 09:59:41.200,01-01-1970 10:03:41.200
HL,IN_2_0:IN_2_3-x,01-01-1970 10:04:41.200,01-01-1970 10:05:41.200
HL,IN_2_0:IN_2_3-x,01-01-1970 10:06:41.200,01-01-1970 10:07:41.200
HL,IN_2_0:IN_2_3-x,01-01-1970 10:08:41.200,01-01-1970 10:10:41.200
HL,IN_2_0:IN_2_3-x,01-01-1970 10:11:41.200,01-01-1970 10:14:41.200
HL,IN_2_0:IN_2_3-x,01-01-1970 10:15:41.200,01-01-1970 10:17:41.200
HL,IN_2_0:IN_2_3-x,01-01-1970 10:18:41.200,01-01-1970 10:21:41.200
HL,IN_2_0:IN_2_3-x,01-01-1970 10:22:41.200,01-01-1970 10:27:41.200
HL,IN_2_0:IN_2_3-x,01-01-1970 10:28:41.200,01-01-1970 10:29:41.200
HL,IN_2_0:IN_2_3-x,01-01-1970 10:30:41.200,01-01-1970 10:34:41.200
HL,IN_2_0:IN_2_3-x,01-01-1970 10:36:41.200,01-01-1970 10:44:41.200
HL,IN_2_0:IN_2_3-x,01-01-1970 10:45:41.200,01-01-1970 10:47:41.200
HL,IN_2_0:IN_2_3-x,01-01-1970 10:48:41.200,01-01-1970 10:52:41.200
HL,IN_2_0:IN_2_3-x,01-01-1970 10:53:41.200,01-01-1970 10:54:41.200
HL,IN_2_0:IN_2_3-x,01-01-1970 10:55:41.200,01-01-1970 10:58:41.200
HL,IN_2_0:IN_2_3-x,01-01-1970 10:59:41.200,01-01-1970 11:05:41.200
HL,IN_2_0:IN_2_3-x,01-01-1970 11:06:41.200,01-01-1970 11:09:41.200
HL,IN_2_0:IN_2_3-x,01-01-1970 11:10:41.200,01-01-1970 11:11:41.200
HL,IN_2_0:IN_2_3-x,01-01-1970 11:12:41.200,01-01-1970 11:14:41.200
HL,IN_2_0:IN_2_3-x,01-01-1970 11:15:41.200,01-01-1970 11:20:41.200
HL,IN_2_0:IN_2_3-x,01-01-1970 11:21:41.200,01-01-1970 11:24:41.200
HL,IN_2_0:IN_2_3-x,01-01-1970 11:25:41.200,01-01-1970 11:31:41.200
HL,IN_2_0:IN_2_3-x,01-01-1970 11:32:41.200,01-01-1970 11:35:41.200
HL,IN_2_0:IN_2_3-x,01-01-1970 11:36:41.200,01-01-1970 11:39:41.200
HL,IN_2_0:IN_2_3-x,01-01-1970 11:40:41.200,01-01-1970 11:44:41.200
HL,IN_2_0:IN_2_3-x,01-01-1970 11:45:41.200,01-01-1970 11:47:41.200
HL,IN_2_0:IN_2_3-x,01-01-1970 11:48:41.200,01-01-1970 11:50:41.200
HL,IN_2_0:IN_2_3-x,01-01-1970 11:51:41.200,01-01-1970 11:54:41.200
HL,IN_2_0:IN_2_3-x,01-01-1970 11:55:41.200,01-01-1970 12:02:41.200
HL,IN_2_0:IN_2_3-x,01-01-1970 12:03:41.200,01-01-1970 12:04:41.200
HL,IN_2_0:IN_2_3-x,01-01-1970 12:05:41.200,01-01-1970 12:10:41.200
HL,IN_2_0:IN_2_3-x,01-01-1970 12:11:41.200,01-01-1970 12:12:41.200
HL,IN_2_0:IN_2_3-x,01-01-1970 12:13:41.200,01-01-1970 12:23:41.200
HL,IN_2_0:IN_2_3-x,01-01-1970 12:24:41.200,01-01-1970 12:25:41.200
HL,IN_2_0:IN_2_3-x,01-01-1970 12:26:41.200,01-01-1970 12:28:41.200
HL,IN_2_0:IN_2_3-x,01-01-1970 12:29:41.200,01-01-1970 12:34:41.200
HL,IN_2_0:IN_2_3-x,01-01-1970 12:35:41.200,01-01-1970 12:38:41.200
HL,IN_2_0:IN_2_3-x,01-01-1970 12:39:41.200,01-01-1970 12:40:41.200
HL,IN_2_0:IN_2_3-x,01-01-1970 12:41:41.200,01-01-1970 12:43:41.200
HL,IN_2_0:IN_2_3-x,01-01-1970 12:44:41.200,01-01-1970 12:48:41.200
HL,IN_2_0:IN_2_3-x,01-01-1970 12:49:41.200,01-01-1970 12:52:41.200
HL,IN_2_0:IN_2_3-x,01-01-1970 12:53:41.200,01-01-1970 12:57:41.200
HL,IN_2_0:IN_2_3-x,01-01-1970 12:58:41.200,01-01-1970 12:59:41.200
HL,IN_2_0:IN_2_3-x,01-01-1970 13:00:41.200,01-01-1970 13:01:41.200
HL,IN_2_0:IN_2_3-x,01-01-1970 13:02:41.200,01-01-1970 13:04:41.200
HL,y-S3_0:y-S4_0,01-01-1970 00:03:15.600,01-01-1970 00:04:15.600
HL,y-S3_0:y-S4_0,01-01-1970 00:07:15.600,01-01-1970 00:08:15.600
HL,y-S3_0:y-S4_0,01-01-1970 00:11:15.600,01-01-1970 00:12:15.600
HL,y-S3_0:y-S4_0,01-01-1970 00:15:15.600,01-01-1970 00:16:15.600
HL,y-S3_0:y-S4_0,01-01-1970 00:19:15.600,01-01-1970 00:20:15.600
HL,y-S3_0:y-S4_0,01-01-1970 00:24:15.600,01-01-1970 00:25:15.600
HL,y-S3_0:y-S4_0,01-01-1970 00:28:15.600,01-01-1970 00:29:15.600
HL,y-S3_0:y-S4_0,01-01-1970 00:32:15.600,01-01-1970 00:33:15.600
HL,y-S3_0:y-S4_0,01-01-1970 00:36:15.600,01-01-1970 00:37:15.600
HL,y-S3_0:y-S4_0,01-01-1970 00:41:15.600,01-01-1970 00:42:15.600
HL,y-S3_0:y-S4_0,01-01-1970 00:46:15.600,01-01-1970 00:47:15.600
HL,y-S3_0:y-S4_0,01-01-1970 00:51:15.600,01-01-1970 00:52:15.600
HL,y-S3_0:y-S4_0,01-01-1970 00:55:15.600,01-01-1970 00:56:15.600
HL,y-S3_0:y-S4_0,01-01-1970 00:59:15.600,01-01-1970 01:00:15.600
HL,y-S3_0:y-S4_0,01-01-1970 01:03:15.600,01-01-1970 01:04:15.600
HL,y-S3_0:y-S4_0,01-01-1970 01:08:15.600,01-01-1970 01:09:15.600
HL,y-S3_0:y-S4_0,01-01-1970 01:14:15.600,01-01-1970 01:15:15.600
HL,y-S3_0:y-S4_0,01-01-1970 01:20:15.600,01-01-1970 01:21:15.600
HL,y-S3_0:y-S4_0,01-01-1970 01:24:15.600,01-01-1970 01:25:15.600
HL,y-S3_0:y-S4_0,01-01-1970 01:30:15.600,01-01-1970 01:31:15.600
HL,y-S3_0:y-S4_0,01-01-1970 01:34:15.600,01-01-1970 01:35:15.600
HL,y-S3_0:y-S4_0,01-01-1970 01:38:15.600,01-01-1970 01:39:15.600
HL,y-S3_0:y-S4_0,01-01-1970 01:42:15.600,01-01-1970 01:43:15.600
HL,y-S3_0:y-S4_0,01-01-1970 01:47:15.600,01-01-1970 01:48:15.600
HL,y-S3_0:y-S4_0,01-01-1970 01:51:15.600,01-01-1970 01:52:15.600
HL,y-S3_0:y-S4_0,01-01-1970 01:55:15.600,01-01-1970 01:56:15.600
HL,y-S3_0:y-S4_0,01-01-1970 01:59:15.600,01-01-1970 02:00:15.600
HL,y-S3_0:y-S4_0,01-01-1970 02:04:15.600,01-01-1970 02:05:15.600
HL,y-S3_0:y-S4_0,01-01-1970 02:08:15.600,01-01-1970 02:09:15.600
HL,y-S3_0:y-S4_0,01-01-1970 02:12:15.600,01-01-1970 02:13:15.600
HL,y-S3_0:y-S4_0,01-01-1970 02:16:15.600,01-01-1970 02:17:15.600
HL,y-S3_0:y-S4_0,01-01-1970 02:21:15.600,01-01-1970 02:22:15.600
HL,y-S3_0:y-S4_0,01-01-1970 02:25:15.600,01-01-1970 02:26:15.600
HL,y-S3_0:y-S4_0,01-01-1970 02:29:15.600,01-01-1970 02:30:15.600
HL,y-S3_0:y-S4_0,01-01-1970 02:33:15.600,01-01-1970 02:34:15.600
HL,y-S3_0:y-S4_0,01-01-1970 02:38:15.600,01-01-1970 02:39:15.600
HL,y-S3_0:y-S4_0,01-01-1970 02:42:15.600,01-01-1970 02:43:15.600
HL,y-S3_0:y-S4_0,01-01-1970 02:46:15.600,01-01-1970 02:47:15.600
HL,y-S3_0:y-S4_0,01-01-1970 02:50:15.600,01-01-1970 02:51:15.600
HL,y-S3_0:y-S4_0,01-01-1970 02:55:15.600,01-01-1970 02:56:15.600
HL,y-S3_0:y-S4_0,01-01-1970 02:59:15.600,01-01-1970 03:00:15.600
HL,y-S3_0:y-S4_0,01-01-1970 03:03:15.600,01-01-1970 03:04:15.600
HL,y-S3_0:y-S4_0,01-01-1970 03:11:15.600,01-01-1970 03:12:15.600
HL,y-S3_0:y-S4_0,01-01-1970 03:17:15.600,01-01-1970 03:18:15.600
HL,y-S3_0:y-S4_0,01-01-1970 03:22:15.600,01-01-1970 03:23:15.600
HL,y-S3_0:y-S4_0,01-01-1970 03:26:15.600,01-01-1970 03:27:15.600
HL,y-S3_0:y-S4_0,01-01-1970 03:30:15.600,01-01-1970 03:31:15.600
HL,y-S3_0:y-S4_0,01-01-1970 03:34:15.600,01-01-1970 03:35:15.600
HL,y-S3_0:y-S4_0,01-01-1970 03:39:15.600,01-01-1970 03:40:15.600
HL,y-S3_0:y-S4_0,01-01-1970 03:43:15.600,01-01-1970 03:44:15.600
HL,y-S3_0:y-S4_0,01-01-1970 03:47:15.600,01-01-1970 03:48:15.600
HL,y-S3_0:y-S4_0,01-01-1970 03:51:15.600,01-01-1970 03:52:15.600
HL,y-S3_0:y-S4_0,01-01-1970 03:56:15.600,01-01-1970 03:57:15.600
HL,y-S3_0:y-S4_0,01-01-1970 04:00:15.600,01-01-1970 04:01:15.600
HL,y-S3_0:y-S4_0,01-01-1970 04:04:15.600,01-01-1970 04:05:15.600
HL,y-S3_0:y-S4_0,01-01-1970 04:11:15.600,01-01-1970 04:12:15.600
HL,y-S3_0:y-S4_0,01-01-1970 04:16:15.600,01-01-1970 04:17:15.600
HL,y-S3_0:y-S4_0,01-01-1970 04:22:15.600,01-01-1970 04:23:15.600
HL,y-S3_0:y-S4_0,01-01-1970 04:28:15.600,01-01-1970 04:29:15.600
HL,y-S3_0:y-S4_0,01-01-1970 04:32:15.600,01-01-1970 04:33:15.600
HL,y-S3_0:y-S4_0,01-01-1970 04:36:15.600,01-01-1970 04:37:15.600
HL,y-S3_0:y-S4_0,01-01-1970 04:40:15.600,01-01-1970 04:41:15.600
HL,y-S3_0:y-S4_0,01-01-1970 04:46:15.600,01-01-1970 04:47:15.600
HL,y-S3_0:y-S4_0,01-01-1970 04:50:15.600,01-01-1970 04:51:15.600
HL,y-S3_0:y-S4_0,01-01-1970 04:55:15.600,01-01-1970 04:56:15.600
HL,y-S3_0:y-S4_0,01-01-1970 04:59:15.600,01-01-1970 05:00:15.600
HL,y-S3_0:y-S4_0,01-01-1970 05:04:15.600,01-01-1970 05:05:15.600
HL,y-S3_0:y-S4_0,01-01-1970 05:08:15.600,01-01-1970 05:09:15.600
HL,y-S3_0:y-S4_0,01-01-1970 05:13:15.600,01-01-1970 05:14:15.600
HL,y-S3_0:y-S4_0,01-01-1970 05:19:15.600,01-01-1970 05:20:15.600
HL,y-S3_0:y-S4_0,01-01-1970 05:23:15.600,01-01-1970 05:24:15.600
HL,y-S3_0:y-S4_0,01-01-1970 05:27:15.600,01-01-1970 05:28:15.600
HL,y-S3_0:y-S4_0,01-01-1970 05:34:15.600,01-01-1970 05:35:15.600
HL,y-S3_0:y-S4_0,01-01-1970 05:38:15.600,01-01-1970 05:39:15.600
HL,y-S3_0:y-S4_0,01-01-1970 05:42:15.600,01-01-1970 05:43:15.600
HL,y-S3_0:y-S4_0,01-01-1970 05:46:15.600,01-01-1970 05:47:15.600
HL,y-S3_0:y-S4_0,01-01-1970 05:51:15.600,01-01-1970 05:52:15.600
HL,y-S3_0:y-S4_0,01-01-1970 05:55:15.600,01-01-1970 05:56:15.600
HL,y-S3_0:y-S4_0,01-01-1970 05:59:15.600,01-01-1970 06:00:15.600
HL,y-S3_0:y-S4_0,01-01-1970 06:03:15.600,01-01-1970 06:04:15.600
HL,y-S3_0:y-S4_0,01-01-1970 06:08:15.600,01-01-1970 06:09:15.600
HL,y-S3_0:y-S4_0,01-01-1970 06:12:15.600,01-01-1970 06:13:15.600
HL,y-S3_0:y-S4_0,01-01-1970 06:16:15.600,01-01-1970 06:17:15.600
HL,y-S3_0:y-S4_0,01-01-1970 06:20:15.600,01-01-1970 06:21:15.600
HL,y-S3_0:y-S4_0,01-01-1970 06:25:15.600,01-01-1970 06:26:15.600
HL,y-S3_0:y-S4_0,01-01-1970 06:29:15.600,01-01-1970 06:30:15.600
HL,y-S3_0:y-S4_0,01-01-1970 06:33:15.600,01-01-1970 06:34:15.600
HL,y-S3_0:y-S4_0,01-01-1970 06:37:15.600,01-01-1970 06:38:15.600
HL,y-S3_0:y-S4_0,01-01-1970 06:42:15.600,01-01-1970 06:43:15.600
HL,y-S3_0:y-S4_0,01-01-1970 06:46:15.600,01-01-1970 06:47:15.600
HL,y-S3_0:y-S4_0,01-01-1970 06:50:15.600,01-01-1970 06:51:15.600
HL,y-S3_0:y-S4_0,01-01-1970 06:54:15.600,01-01-1970 06:55:15.600
HL,y-S3_0:y-S4_0,01-01-1970 06:59:15.600,01-01-1970 07:00:15.600
HL,y-S3_0:y-S4_0,01-01-1970 07:03:15.600,01-01-1970 07:04:15.600
HL,y-S3_0:y-S4_0,01-01-1970 07:07:15.600,01-01-1970 07:08:15.600
HL,y-S3_0:y-S4_0,01-01-1970 07:11:15.600,01-01-1970 07:12:15.600
HL,y-S3_0:y-S4_0,01-01-1970 07:16:15.600,01-01-1970 07:17:15.600
HL,y-S3_0:y-S4_0,01-01-1970 07:20:15.600,01-01-1970 07:21:15.600
HL,y-S3_0:y-S4_0,01-01-1970 07:24:15.600,01-01-1970 07:25:15.600
HL,y-S3_0:y-S4_0,01-01-1970 07:28:15.600,01-01-1970 07:29:15.600
HL,y-S3_0:y-S4_0,01-01-1970 07:33:15.600,01-01-1970 07:34:15.600
HL,y-S3_0:y-S4_0,01-01-1970 07:37:15.600,01-01-1970 07:38:15.600
HL,y-S3_0:y-S4_0,01-01-1970 07:41:15.600,01-01-1970 07:42:15.600
HL,y-S3_0:y-S4_0,01-01-1970 07:45:15.600,01-01-1970 07:46:15.600
HL,y-S3_0:y-S4_0,01-01-1970 07:50:15.600,01-01-1970 07:51:15.600
HL,y-S3_0:y-S4_0,01-01-1970 07:54:15.600,01-01-1970 07:55:15.600
HL,y-S3_0:y-S4_0,01-01-1970 07:58:15.600,01-01-1970 07:59:15.600
HL,y-S3_0:y-S4_0,01-01-1970 08:02:15.600,01-01-1970 08:03:15.600
HL,y-S3_0:y-S4_0,01-01-1970 08:07:15.600,01-01-1970 08:08:15.600
HL,y-S3_0:y-S4_0,01-01-1970 08:11:15.600,01-01-1970 08:12:15.600
HL,y-S3_0:y-S4_0,01-01-1970 08:15:15.600,01-01-1970 08:16:15.600
HL,y-S3_0:y-S4_0,01-01-1970 08:19:15.600,01-01-1970 08:20:15.600
HL,y-S3_0:y-S4_0,01-01-1970 08:24:15.600,01-01-1970 08:25:15.600
HL,y-S3_0:y-S4_0,01-01-1970 08:28:15.600,01-01-1970 08:29:15.600
HL,y-S3_0:y-S4_0,01-01-1970 08:32:15.600,01-01-1970 08:33:15.600
HL,y-S3_0:y-S4_0,01-01-1970 08:36:15.600,01-01-1970 08:37:15.600
HL,y-S3_0:y-S4_0,01-01-1970 08:41:15.600,01-01-1970 08:42:15.600
HL,y-S3_0:y-S4_0,01-01-1970 08:45:15.600,01-01-1970 08:46:15.600
HL,y-S3_0:y-S4_0,01-01-1970 08:49:15.600,01-01-1970 08:50:15.600
HL,y-S3_0:y-S4_0,01-01-1970 08:53:15.600,01-01-1970 08:54:15.600
HL,y-S3_0:y-S4_0,01-01-1970 08:58:15.600,01-01-1970 08:59:15.600
HL,y-S3_0:y-S4_0,01-01-1970 09:02:15.600,01-01-1970 09:03:15.600
HL,y-S3_0:y-S4_0,01-01-1970 09:06:15.600,01-01-1970 09:07:15.600
HL,y-S3_0:y-S4_0,01-01-1970 09:10:15.600,01-01-1970 09:11:15.600
HL,y-S3_0:y-S4_0,01-01-1970 09:15:15.600,01-01-1970 09:16:15.600
HL,y-S3_0:y-S4_0,01-01-1970 09:19:15.600,01-01-1970 09:20:15.600
HL,y-S3_0:y-S4_0,01-01-1970 09:23:15.600,01-01-1970 09:24:15.600
HL,y-S3_0:y-S4_0,01-01-1970 09:27:15.600,01-01-1970 09:28:15.600
HL,y-S3_0:y-S4_0,01-01-1970 09:32:15.600,01-01-1970 09:33:15.600
HL,y-S3_0:y-S4_0,01-01-1970 09:36:15.600,01-01-1970 09:37:15.600
HL,y-S3_0:y-S4_0,01-01-1970 09:40:15.600,01-01-1970 09:41:15.600
HL,y-S3_0:y-S4_0,01-01-1970 09:44:15.600,01-01-1970 09:45:15.600
HL,y-S3_0:y-S4_0,01-01-1970 09:49:15.600,01-01-1970 09:50:15.600
HL,y-S3_0:y-S4_0,01-01-1970 09:53:15.600,01-01-1970 09:54:15.600
HL,y-S3_0:y-S4_0,01-01-1970 09:57:15.600,01-01-1970 09:58:15.600
HL,y-S3_0:y-S4_0,01-01-1970 10:01:15.600,01-01-1970 10:02:15.600
HL,y-S3_0:y-S4_0,01-01-1970 10:05:15.600,01-01-1970 10:06:15.600
HL,y-S3_0:y-S4_0,01-01-1970 10:13:15.600,01-01-1970 10:14:15.600
HL,y-S3_0:y-S4_0,01-01-1970 10:17:15.600,01-01-1970 10:18:15.600
HL,y-S3_0:y-S4_0,01-01-1970 10:22:15.600,01-01-1970 10:23:15.600
HL,y-S3_0:y-S4_0,01-01-1970 10:28:15.600,01-01-1970 10:29:15.600
HL,y-S3_0:y-S4_0,01-01-1970 10:32:15.600,01-01-1970 10:33:15.600
HL,y-S3_0:y-S4_0,01-01-1970 10:36:15.600,01-01-1970 10:37:15.600
HL,y-S3_0:y-S4_0,01-01-1970 10:40:15.600,01-01-1970 10:41:15.600
HL,y-S3_0:y-S4_0,01-01-1970 10:45:15.600,01-01-1970 10:46:15.600
HL,y-S3_0:y-S4_0,01-01-1970 10:49:15.600,01-01-1970 10:50:15.600
HL,y-S3_0:y-S4_0,01-01-1970 10:53:15.600,01-01-1970 10:54:15.600
HL,y-S3_0:y-S4_0,01-01-1970 10:57:15.600,01-01-1970 10:58:15.600
HL,y-S3_0:y-S4_0,01-01-1970 11:02:15.600,01-01-1970 11:03:15.600
HL,y-S3_0:y-S4_0,01-01-1970 11:06:15.600,01-01-1970 11:07:15.600
HL,y-S3_0:y-S4_0,01-01-1970 11:10:15.600,01-01-1970 11:11:15.600
HL,y-S3_0:y-S4_0,01-01-1970 11:14:15.600,01-01-1970 11:15:15.600
HL,y-S3_0:y-S4_0,01-01-1970 11:19:15.600,01-01-1970 11:20:15.600
HL,y-S3_0:y-S4_0,01-01-1970 11:23:15.600,01-01-1970 11:24:15.600
HL,y-S3_0:y-S4_0,01-01-1970 11:27:15.600,01-01-1970 11:28:15.600
HL,y-S3_0:y-S4_0,01-01-1970 11:31:15.600,01-01-1970 11:32:15.600
HL,y-S3_0:y-S4_0,01-01-1970 11:36:15.600,01-01-1970 11:37:15.600
HL,y-S3_0:y-S4_0,01-01-1970 11:40:15.600,01-01-1970 11:41:15.600
HL,y-S3_0:y-S4_0,01-01-1970 11:44:15.600,01-01-1970 11:45:15.600
HL,y-S3_0:y-S4_0,01-01-1970 11:48:15.600,01-01-1970 11:49:15.600
HL,y-S3_0:y-S4_0,01-01-1970 11:53:15.600,01-01-1970 11:54:15.600
HL,y-S3_0:y-S4_0,01-01-1970 11:57:15.600,01-01-1970 11:58:15.600
HL,y-S3_0:y-S4_0,01-01-1970 12:01:15.600,01-01-1970 12:02:15.600
HL,y-S3_0:y-S4_0,01-01-1970 12:05:15.600,01-01-1970 12:06:15.600
HL,y-S3_0:y-S4_0,01-01-1970 12:10:15.600,01-01-1970 12:11:15.600
HL,y-S3_0:y-S4_0,01-01-1970 12:14:15.600,01-01-1970 12:15:15.600
HL,y-S3_0:y-S4_0,01-01-1970 12:18:15.600,01-01-1970 12:19:15.600
HL,y-S3_0:y-S4_0,01-01-1970 12:22:15.600,01-01-1970 12:23:15.600
HL,y-S3_0:y-S4_0,01-01-1970 12:27:15.600,01-01-1970 12:28:15.600
HL,y-S3_0:y-S4_0,01-01-1970 12:31:15.600,01-01-1970 12:32:15.600
HL,y-S3_0:y-S4_0,01-01-1970 12:35:15.600,01-01-1970 12:36:15.600
HL,y-S3_0:y-S4_0,01-01-1970 12:39:15.600,01-01-1970 12:40:15.600
HL,y-S3_0:y-S4_0,01-01-1970 12:44:15.600,01-01-1970 12:45:15.600
HL,y-S3_0:y-S4_0,01-01-1970 12:48:15.600,01-01-1970 12:49:15.600
HL,y-S3_0:y-S4_0,01-01-1970 12:52:15.600,01-01-1970 12:53:15.600
HL,y-S3_0:y-S4_0,01-01-1970 12:56:15.600,01-01-1970 12:57:15.600
HL,y-S3_0:y-S4_0,01-01-1970 13:01:15.600,01-01-1970 13:02:15.600
HL,y-S4_0:z-x,01-01-1970 00:03:16.900,01-01-1970 00:04:16.900
HL,y-S4_0:z-x,01-01-1970 00:07:16.900,01-01-1970 00:08:16.900
HL,y-S4_0:z-x,01-01-1970 00:11:16.900,01-01-1970 00:12:16.900
HL,y-S4_0:z-x,01-01-1970 00:15:16.900,01-01-1970 00:16:16.900
HL,y-S4_0:z-x,01-01-1970 00:19:16.900,01-01-1970 00:20:16.900
HL,y-S4_0:z-x,01-01-1970 00:24:16.900,01-01-1970 00:25:16.900
HL,y-S4_0:z-x,01-01-1970 00:28:16.900,01-01-1970 00:29:16.900
HL,y-S4_0:z-x,01-01-1970 00:32:16.900,01-01-1970 00:33:16.900
HL,y-S4_0:z-x,01-01-1970 00:36:16.900,01-01-1970 00:37:16.900
HL,y-S4_0:z-x,01-01-1970 00:41:16.900,01-01-1970 00:42:16.900
HL,y-S4_0:z-x,01-01-1970 00:46:16.900,01-01-1970 00:47:16.900
HL,y-S4_0:z-x,01-01-1970 00:51:16.900,01-01-1970 00:52:16.900
HL,y-S4_0:z-x,01-01-1970 00:55:16.900,01-01-1970 00:56:16.900
HL,y-S4_0:z-x,01-01-1970 00:59:16.900,01-01-1970 01:00:16.900
HL,y-S4_0:z-x,01-01-1970 01:03:16.900,01-01-1970 01:04:16.900
HL,y-S4_0:z-x,01-01-1970 01:08:16.900,01-01-1970 01:09:16.900
HL,y-S4_0:z-x,01-01-1970 01:14:16.900,01-01-1970 01:15:16.900
HL,y-S4_0:z-x,01-01-1970 01:20:16.900,01-01-1970 01:21:16.900
HL,y-S4_0:z-x,01-01-1970 01:24:16.900,01-01-1970 01:25:16.900
HL,y-S4_0:z-x,01-01-1970 01:30:16.900,01-01-1970 01:31:16.900
HL,y-S4_0:z-x,01-01-1970 01:34:16.900,01-01-1970 01:35:16.900
HL,y-S4_0:z-x,01-01-1970 01:38:16.900,01-01-1970 01:39:16.900
HL,y-S4_0:z-x,01-01-1970 01:42:16.900,01-01-1970 01:43:16.900
HL,y-S4_0:z-x,01-01-1970 01:47:16.900,01-01-1970 01:48:16.900
HL,y-S4_0:z-x,01-01-1970 01:51:16.900,01-01-1970 01:52:16.900
HL,y-S4_0:z-x,01-01-1970 01:55:16.900,01-01-1970 01:56:16.900
HL,y-S4_0:z-x,01-01-1970 01:59:16.900,01-01-1970 02:00:16.900
HL,y-S4_0:z-x,01-01-1970 02:04:16.900,01-01-1970 02:05:16.900
HL,y-S4_0:z-x,01-01-1970 02:08:16.900,01-01-1970 02:09:16.900
HL,y-S4_0:z-x,01-01-1970 02:12:16.900,01-01-1970 02:13:16.900
HL,y-S4_0:z-x,01-01-1970 02:16:16.900,01-01-1970 02:17:16.900
HL,y-S4_0:z-x,01-01-1970 02:21:16.900,01-01-1970 02:22:16.900
HL,y-S4_0:z-x,01-01-1970 02:25:16.900,01-01-1970 02:26:16.900
HL,y-S4_0:z-x,01-01-1970 02:29:16.900,01-01-1970 02:30:16.900
HL,y-S4_0:z-x,01-01-1970 02:33:16.900,01-01-1970 02:34:16.900
HL,y-S4_0:z-x,01-01-1970 02:38:16.900,01-01-1970 02:39:16.900
HL,y-S4_0:z-x,01-01-1970 02:42:16.900,01-01-1970 02:43:16.900
HL,y-S4_0:z-x,01-01-1970 02:46:16.900,01-01-1970 02:47:16.900
HL,y-S4_0:z-x,01-01-1970 02:50:16.900,01-01-1970 02:51:16.900
HL,y-S4_0:z-x,01-01-1970 02:55:16.900,01-01-1970 02:56:16.900
HL,y-S4_0:z-x,01-01-1970 02:59:16.900,01-01-1970 03:00:16.900
HL,y-S4_0:z-x,01-01-1970 03:03:16.900,01-01-1970 03:04:16.900
HL,y-S4_0:z-x,01-01-1970 03:11:16.900,01-01-1970 03:12:16.900
HL,y-S4_0:z-x,01-01-1970 03:17:16.900,01-01-1970 03:18:16.900
HL,y-S4_0:z-x,01-01-1970 03:22:16.900,01-01-1970 03:23:16.900
HL,y-S4_0:z-x,01-01-1970 03:26:16.900,01-01-1970 03:27:16.900
HL,y-S4_0:z-x,01-01-1970 03:30:16.900,01-01-1970 03:31:16.900
HL,y-S4_0:z-x,01-01-1970 03:34:16.900,01-01-1970 03:35:16.900
HL,y-S4_0:z-x,01-01-1970 03:39:16.900,01-01-1970 03:40:16.900
HL,y-S4_0:z-x,01-01-1970 03:43:16.900,01-01-1970 03:44:16.900
HL,y-S4_0:z-x,01-01-1970 03:47:16.900,01-01-1970 03:48:16.900
HL,y-S4_0:z-x,01-01-1970 03:51:16.900,01-01-1970 03:52:16.900
HL,y-S4_0:z-x,01-01-1970 03:56:16.900,01-01-1970 03:57:16.900
HL,y-S4_0:z-x,01-01-1970 04:00:16.900,01-01-1970 04:01:16.900
HL,y-S4_0:z-x,01-01-1970 04:04:16.900,01-01-1970 04:05:16.900
HL,y-S4_0:z-x,01-01-1970 04:11:16.900,01-01-1970 04:12:16.900
HL,y-S4_0:z-x,01-01-1970 04:16:16.900,01-01-1970 04:17:16.900
HL,y-S4_0:z-x,01-01-1970 04:22:16.900,01-01-1970 04:23:16.900
HL,y-S4_0:z-x,01-01-1970 04:28:16.900,01-01-1970 04:29:16.900
HL,y-S4_0:z-x,01-01-1970 04:32:16.900,01-01-1970 04:33:16.900
HL,y-S4_0:z-x,01-01-1970 04:36:16.900,01-01-1970 04:37:16.900
HL,y-S4_0:z-x,01-01-1970 04:40:16.900,01-01-1970 04:41:16.900
HL,y-S4_0:z-x,01-01-1970 04:46:16.900,01-01-1970 04:47:16.900
HL,y-S4_0:z-x,01-01-1970 04:50:16.900,01-01-1970 04:51:16.900
HL,y-S4_0:z-x,01-01-1970 04:55:16.900,01-01-1970 04:56:16.900
HL,y-S4_0:z-x,01-01-1970 04:59:16.900,01-01-1970 05:00:16.900
HL,y-S4_0:z-x,01-01-1970 05:04:16.900,01-01-1970 05:05:16.900
HL,y-S4_0:z-x,01-01-1970 05:08:16.900,01-01-1970 05:09:16.900
HL,y-S4_0:z-x,01-01-1970 05:13:16.900,01-01-1970 05:14:16.900
HL,y-S4_0:z-x,01-01-1970 05:19:16.900,01-01-1970 05:20:16.900
HL,y-S4_0:z-x,01-01-1970 05:23:16.900,01-01-1970 05:24:16.900
HL,y-S4_0:z-x,01-01-1970 05:27:16.900,01-01-1970 05:28:16.900
HL,y-S4_0:z-x,01-01-1970 05:34:16.900,01-01-1970 05:35:16.900
HL,y-S4_0:z-x,01-01-1970 05:38:16.900,01-01-1970 05:39:16.900
HL,y-S4_0:z-x,01-01-1970 05:42:16.900,01-01-1970 05:43:16.900
HL,y-S4_0:z-x,01-01-1970 05:46:16.900,01-01-1970 05:47:16.900
HL,y-S4_0:z-x,01-01-1970 05:51:16.900,01-01-1970 05:52:16.900
HL,y-S4_0:z-x,01-01-1970 05:55:16.900,01-01-1970 05:56:16.900
HL,y-S4_0:z-x,01-01-1970 05:59:16.900,01-01-1970 06:00:16.900
HL,y-S4_0:z-x,01-01-1970 06:03:16.900,01-01-1970 06:04:16.900
HL,y-S4_0:z-x,01-01-1970 06:08:16.900,01-01-1970 06:09:16.900
HL,y-S4_0:z-x,01-01-1970 06:12:16.900,01-01-1970 06:13:16.900
HL,y-S4_0:z-x,01-01-1970 06:16:16.900,01-01-1970 06:17:16.900
HL,y-S4_0:z-x,01-01-1970 06:20:16.900,01-01-1970 06:21:16.900
HL,y-S4_0:z-x,01-01-1970 06:25:16.900,01-01-1970 06:26:16.900
HL,y-S4_0:z-x,01-01-1970 06:29:16.900,01-01-1970 06:30:16.900
HL,y-S4_0:z-x,01-01-1970 06:33:16.900,01-01-1970 06:34:16.900
HL,y-S4_0:z-x,01-01-1970 06:37:16.900,01-01-1970 06:38:16.900
HL,y-S4_0:z-x,01-01-1970 06:42:16.900,01-01-1970 06:43:16.900
HL,y-S4_0:z-x,01-01-1970 06:46:16.900,01-01-1970 06:47:16.900
HL,y-S4_0:z-x,01-01-1970 06:50:16.900,01-01-1970 06:51:16.900
HL,y-S4_0:z-x,01-01-1970 06:54:16.900,01-01-1970 06:55:16.900
HL,y-S4_0:z-x,01-01-1970 06:59:16.900,01-01-1970 07:00:16.900
HL,y-S4_0:z-x,01-01-1970 07:03:16.900,01-01-1970 07:04:16.900
HL,y-S4_0:z-x,01-01-1970 07:07:16.900,01-01-1970 07:08:16.900
HL,y-S4_0:z-x,01-01-1970 07:11:16.900,01-01-1970 07:12:16.900
HL,y-S4_0:z-x,01-01-1970 07:16:16.900,01-01-1970 07:17:16.900
HL,y-S4_0:z-x,01-01-1970 07:20:16.900,01-01-1970 07:21:16.900
HL,y-S4_0:z-x,01-01-1970 07:24:16.900,01-01-1970 07:25:16.900
HL,y-S4_0:z-x,01-01-1970 07:28:16.900,01-01-1970 07:29:16.900
HL,y-S4_0:z-x,01-01-1970 07:33:16.900,01-01-1970 07:34:16.900
HL,y-S4_0:z-x,01-01-1970 07:37:16.900,01-01-1970 07:38:16.900
HL,y-S4_0:z-x,01-01-1970 07:41:16.900,01-01-1970 07:42:16.900
HL,y-S4_0:z-x,01-01-1970 07:45:16.900,01-01-1970 07:46:16.900
HL,y-S4_0:z-x,01-01-1970 07:50:16.900,01-01-1970 07:51:16.900
HL,y-S4_0:z-x,01-01-1970 07:54:16.900,01-01-1970 07:55:16.900
HL,y-S4_0:z-x,01-01-1970 07:58:16.900,01-01-1970 07:59:16.900
HL,y-S4_0:z-x,01-01-1970 08:02:16.900,01-01-1970 08:03:16.900
HL,y-S4_0:z-x,01-01-1970 08:07:16.900,01-01-1970 08:08:16.900
HL,y-S4_0:z-x,01-01-1970 08:11:16.900,01-01-1970 08:12:16.900
HL,y-S4_0:z-x,01-01-1970 08:15:16.900,01-01-1970 08:16:16.900
HL,y-S4_0:z-x,01-01-1970 08:19:16.900,01-01-1970 08:20:16.900
HL,y-S4_0:z-x,01-01-1970 08:24:16.900,01-01-1970 08:25:16.900
HL,y-S4_0:z-x,01-01-1970 08:28:16.900,01-01-1970 08:29:16.900
HL,y-S4_0:z-x,01-01-1970 08:32:16.900,01-01-1970 08:33:16.900
HL,y-S4_0:z-x,01-01-1970 08:36:16.900,01-01-1970 08:37:16.900
HL,y-S4_0:z-x,01-01-1970 08:41:16.900,01-01-1970 08:42:16.900
HL,y-S4_0:z-x,01-01-1970 08:45:16.900,01-01-1970 08:46:16.900
HL,y-S4_0:z-x,01-01-1970 08:49:16.900,01-01-1970 08:50:16.900
HL,y-S4_0:z-x,01-01-1970 08:53:16.900,01-01-1970 08:54:16.900
HL,y-S4_0:z-x,01-01-1970 08:58:16.900,01-01-1970 08:59:16.900
HL,y-S4_0:z-x,01-01-1970 09:02:16.900,01-01-1970 09:03:16.900
HL,y-S4_0:z-x,01-01-1970 09:06:16.900,01-01-1970 09:07:16.900
HL,y-S4_0:z-x,01-01-1970 09:10:16.900,01-01-1970 09:11:16.900
HL,y-S4_0:z-x,01-01-1970 09:15:16.900,01-01-1970 09:16:16.900
HL,y-S4_0:z-x,01-01-1970 09:19:16.900,01-01-1970 09:20:16.900
HL,y-S4_0:z-x,01-01-1970 09:23:16.900,01-01-1970 09:24:16.900
HL,y-S4_0:z-x,01-01-1970 09:27:16.900,01-01-1970 09:28:16.900
HL,y-S4_0:z-x,01-01-1970 09:32:16.900,01-01-1970 09:33:16.900
HL,y-S4_0:z-x,01-01-1970 09:36:16.900,01-01-1970 09:37:16.900
HL,y-S4_0:z-x,01-01-1970 09:40:16.900,01-01-1970 09:41:16.900
HL,y-S4_0:z-x,01-01-1970 09:44:16.900,01-01-1970 09:45:16.900
HL,y-S4_0:z-x,01-01-1970 09:49:16.900,01-01-1970 09:50:16.900
HL,y-S4_0:z-x,01-01-1970 09:53:16.900,01-01-1970 09:54:16.900
HL,y-S4_0:z-x,01-01-1970 09:57:16.900,01-01-1970 09:58:16.900
HL,y-S4_0:z-x,01-01-1970 10:01:16.900,01-01-1970 10:02:16.900
HL,y-S4_0:z-x,01-01-1970 10:05:16.900,01-01-1970 10:06:16.900
HL,y-S4_0:z-x,01-01-1970 10:13:16.900,01-01-1970 10:14:16.900
HL,y-S4_0:z-x,01-01-1970 10:17:16.900,01-01-1970 10:18:16.900
HL,y-S4_0:z-x,01-01-1970 10:22:16.900,01-01-1970 10:23:16.900
HL,y-S4_0:z-x,01-01-1970 10:28:16.900,01-01-1970 10:29:16.900
HL,y-S4_0:z-x,01-01-1970 10:32:16.900,01-01-1970 10:33:16.900
HL,y-S4_0:z-x,01-01-1970 10:36:16.900,01-01-1970 10:37:16.900
HL,y-S4_0:z-x,01-01-1970 10:40:16.900,01-01-1970 10:41:16.900
HL,y-S4_0:z-x,01-01-1970 10:45:16.900,01-01-1970 10:46:16.900
HL,y-S4_0:z-x,01-01-1970 10:49:16.900,01-01-1970 10:50:16.900
HL,y-S4_0:z-x,01-01-1970 10:53:16.900,01-01-1970 10:54:16.900
HL,y-S4_0:z-x,01-01-1970 10:57:16.900,01-01-1970 10:58:16.900
HL,y-S4_0:z-x,01-01-1970 11:02:16.900,01-01-1970 11:03:16.900
HL,y-S4_0:z-x,01-01-1970 11:06:16.900,01-01-1970 11:07:16.900
HL,y-S4_0:z-x,01-01-1970 11:10:16.900,01-01-1970 11:11:16.900
HL,y-S4_0:z-x,01-01-1970 11:14:16.900,01-01-1970 11:15:16.900
HL,y-S4_0:z-x,01-01-1970 11:19:16.900,01-01-1970 11:20:16.900
HL,y-S4_0:z-x,01-01-1970 11:23:16.900,01-01-1970 11:24:16.900
HL,y-S4_0:z-x,01-01-1970 11:27:16.900,01-01-1970 11:28:16.900
HL,y-S4_0:z-x,01-01-1970 11:31:16.900,01-01-1970 11:32:16.900
HL,y-S4_0:z-x,01-01-1970 11:36:16.900,01-01-1970 11:37:16.900
HL,y-S4_0:z-x,01-01-1970 11:40:16.900,01-01-1970 11:41:16.900
HL,y-S4_0:z-x,01-01-1970 11:44:16.900,01-01-1970 11:45:16.900
HL,y-S4_0:z-x,01-01-1970 11:48:16.900,01-01-1970 11:49:16.900
HL,y-S4_0:z-x,01-01-1970 11:53:16.900,01-01-1970 11:54:16.900
HL,y-S4_0:z-x,01-01-1970 11:57:16.900,01-01-1970 11:58:16.900
HL,y-S4_0:z-x,01-01-1970 12:01:16.900,01-01-1970 12:02:16.900
HL,y-S4_0:z-x,01-01-1970 12:05:16.900,01-01-1970 12:06:16.900
HL,y-S4_0:z-x,01-01-1970 12:10:16.900,01-01-1970 12:11:16.900
HL,y-S4_0:z-x,01-01-1970 12:14:16.900,01-01-1970 12:15:16.900
HL,y-S4_0:z-x,01-01-1970 12:18:16.900,01-01-1970 12:19:16.900
HL,y-S4_0:z-x,01-01-1970 12:22:16.900,01-01-1970 12:23:16.900
HL,y-S4_0:z-x,01-01-1970 12:27:16.900,01-01-1970 12:28:16.900
HL,y-S4_0:z-x,01-01-1970 12:31:16.900,01-01-1970 12:32:16.900
HL,y-S4_0:z-x,01-01-1970 12:35:16.900,01-01-1970 12:36:16.900
HL,y-S4_0:z-x,01-01-1970 12:39:16.900,01-01-1970 12:40:16.900
HL,y-S4_0:z-x,01-01-1970 12:44:16.900,01-01-1970 12:45:16.900
HL,y-S4_0:z-x,01-01-1970 12:48:16.900,01-01-1970 12:49:16.900
HL,y-S4_0:z-x,01-01-1970 12:52:16.900,01-01-1970 12:53:16.900
HL,y-S4_0:z-x,01-01-1970 12:56:16.900,01-01-1970 12:57:16.900
HL,y-S4_0:z-x,01-01-1970 13:01:16.900,01-01-1970 13:02:16.900
HL,y-S3_0:z-x,01-01-1970 05:15:51.000,01-01-1970 05:16:51.000
